{"type":"Topology","objects":{"berlin_postleitzahlen":{"type":"GeometryCollection","geometries":[{"type":"Polygon","arcs":[[0,1,2,3,4,5,6,7]]},{"type":"Polygon","arcs":[[8,9,10,11,12,13,-6]]},{"type":"Polygon","arcs":[[14,15,16,-4]]},{"type":"Polygon","arcs":[[17,18,19,20,-9,-5,-17]]},{"type":"Polygon","arcs":[[21,22,23,24,-10,-21]]},{"type":"Polygon","arcs":[[25,26,27,28,-22,-20]]},{"type":"Polygon","arcs":[[29,30,31,32,-28]]},{"type":"Polygon","arcs":[[33,34,35,36,-30,-27,37]]},{"type":"Polygon","arcs":[[38,39,-38,-26,-19,40]]},{"type":"Polygon","arcs":[[41,42,43,44,45]]},{"type":"Polygon","arcs":[[46,-46,47,48,49,50,51,-31,-37]]},{"type":"Polygon","arcs":[[52,53,54,55,-49]]},{"type":"Polygon","arcs":[[56,-53,-48,-45]]},{"type":"Polygon","arcs":[[57,58,-42,-47,-36,59]]},{"type":"Polygon","arcs":[[60,-60,-35,61]]},{"type":"Polygon","arcs":[[62,63,64,-62,-34,-40,65]]},{"type":"Polygon","arcs":[[66,67,-41,-18,-16,68,69]]},{"type":"Polygon","arcs":[[70,-66,-39,-68,71]]},{"type":"Polygon","arcs":[[72,73,-72,-67,74]]},{"type":"Polygon","arcs":[[75,-69,-15,-3,76]]},{"type":"Polygon","arcs":[[77,-70,-76,78]]},{"type":"Polygon","arcs":[[79,80,-75,-78,81,82,83]]},{"type":"Polygon","arcs":[[84,85,86,87]]},{"type":"Polygon","arcs":[[88,89,-88,90,91,92]]},{"type":"Polygon","arcs":[[93,94,95,-91,-87]]},{"type":"Polygon","arcs":[[96,-7,-14,97,98,-95,99]]},{"type":"Polygon","arcs":[[100,-100,-94,-86]]},{"type":"Polygon","arcs":[[101,102,103,104]]},{"type":"Polygon","arcs":[[-96,105,106,-102,107,108,-92]]},{"type":"Polygon","arcs":[[109,-93,-109,110]]},{"type":"Polygon","arcs":[[111,112,113,114,115,-106]]},{"type":"Polygon","arcs":[[-116,116,117,-103,-107]]},{"type":"Polygon","arcs":[[-118,118,119,-104]]},{"type":"Polygon","arcs":[[-115,120,121,122,123,-119,-117]]},{"type":"Polygon","arcs":[[124,125,126,-121]]},{"type":"Polygon","arcs":[[-127,127,128,129,-122]]},{"type":"Polygon","arcs":[[-130,130,131,-123]]},{"type":"Polygon","arcs":[[132,133,134,135,-128,-126]]},{"type":"Polygon","arcs":[[136,137,138,139,-134]]},{"type":"Polygon","arcs":[[140,141,-137,-133,142]]},{"type":"Polygon","arcs":[[143,144,-143,-125,-114]]},{"type":"Polygon","arcs":[[145,146,147,148,-141,-145,149]]},{"type":"Polygon","arcs":[[150,151,-142,-149]]},{"type":"Polygon","arcs":[[152,153,-151,-148]]},{"type":"Polygon","arcs":[[154,155,156,157,158,-153,-147]]},{"type":"Polygon","arcs":[[-13,159,-156,160,-98]]},{"type":"Polygon","arcs":[[-161,-155,-146,161,-112,-99]]},{"type":"Polygon","arcs":[[-162,-150,-144,-113]]},{"type":"Polygon","arcs":[[162,163,-154,-159]]},{"type":"Polygon","arcs":[[-164,164,165,-138,-152]]},{"type":"Polygon","arcs":[[166,167,-165,-163]]},{"type":"Polygon","arcs":[[168,169,170,171,172,-167,-158]]},{"type":"Polygon","arcs":[[173,174,175,176]]},{"type":"Polygon","arcs":[[177,-177,178,179,-169,-157,-160,-12]]},{"type":"Polygon","arcs":[[180,181,182,-179,-176]]},{"type":"Polygon","arcs":[[183,184,185,186,-181,-175]]},{"type":"Polygon","arcs":[[-25,187,-184,-174,-178,-11]]},{"type":"Polygon","arcs":[[-29,-33,188,189,-23]]},{"type":"Polygon","arcs":[[-190,190,191,192,-185,-188,-24]]},{"type":"Polygon","arcs":[[193,194,195,196,197,-187]]},{"type":"Polygon","arcs":[[198,-195,199,-192]]},{"type":"Polygon","arcs":[[-200,-194,-186,-193]]},{"type":"Polygon","arcs":[[200,201,202,-182]]},{"type":"Polygon","arcs":[[203,204,205,206,207,208,-202]]},{"type":"Polygon","arcs":[[-204,-201,-198]]},{"type":"Polygon","arcs":[[209,210,-205,-197]]},{"type":"Polygon","arcs":[[211,212,213,214,-206,-211]]},{"type":"Polygon","arcs":[[215,-212,-210,-196,-199]]},{"type":"Polygon","arcs":[[216,-208,217,218,219,220]]},{"type":"Polygon","arcs":[[-183,-203,-209,-217,221,-170,-180]]},{"type":"Polygon","arcs":[[-221,222,223,-171,-222]]},{"type":"Polygon","arcs":[[-220,224,225,226,-223]]},{"type":"Polygon","arcs":[[227,228,229,230,231,232,-226]]},{"type":"Polygon","arcs":[[233,-228,-225,-219]]},{"type":"Polygon","arcs":[[-224,234,235,236,237,-172]]},{"type":"Polygon","arcs":[[-168,-173,-238,238,-139,-166]]},{"type":"Polygon","arcs":[[-239,-237,239,240,-140]]},{"type":"Polygon","arcs":[[241,-240,-236,242,243,244]]},{"type":"Polygon","arcs":[[245,246,247,-244]]},{"type":"Polygon","arcs":[[248,249,250,-246]]},{"type":"Polygon","arcs":[[-227,251,-249,-243,-235]]},{"type":"Polygon","arcs":[[-251,252,253,254,-247]]},{"type":"Polygon","arcs":[[255,-254,256,257,258]]},{"type":"Polygon","arcs":[[259,260,261,262,-257,-253]]},{"type":"Polygon","arcs":[[263,264,265,266,-261]]},{"type":"Polygon","arcs":[[-233,267,-264,-260,-250,-252]]},{"type":"Polygon","arcs":[[268,269,-265,-268,-232]]},{"type":"Polygon","arcs":[[-231,270,271,272,273,-269]]},{"type":"Polygon","arcs":[[-274,274,-266,-270]]},{"type":"Polygon","arcs":[[275,276,277,-271,-230]]},{"type":"Polygon","arcs":[[278,279,-272,-278]]},{"type":"Polygon","arcs":[[280,281,-279,-277]]},{"type":"Polygon","arcs":[[282,283,-234,-218,-207]]},{"type":"Polygon","arcs":[[284,285,286,287,-281,-276,-229,-284]]},{"type":"Polygon","arcs":[[288,289,290,-286]]},{"type":"Polygon","arcs":[[291,292,293,-287,-291]]},{"type":"Polygon","arcs":[[294,295,296,-293]]},{"type":"Polygon","arcs":[[297,298,299,-295,-292,-290]]},{"type":"Polygon","arcs":[[300,-298,-289,-285,-283,-215]]},{"type":"Polygon","arcs":[[-32,-52,301,-213,-216,-191,-189]]},{"type":"Polygon","arcs":[[302,303,304,-301,-214,-302,-51]]},{"type":"Polygon","arcs":[[305,306,307,308,-304]]},{"type":"Polygon","arcs":[[-56,309,310,-306,-303,-50]]},{"type":"Polygon","arcs":[[311,-299,-305,-309]]},{"type":"Polygon","arcs":[[312,313,314,-312,-308]]},{"type":"Polygon","arcs":[[315,316,317,-296,-300,-315]]},{"type":"Polygon","arcs":[[318,319,-317]]},{"type":"Polygon","arcs":[[320,321,322,323,-319,-316,-314]]},{"type":"Polygon","arcs":[[324,325,326,327,328,-310,-55,329]]},{"type":"Polygon","arcs":[[-329,330,-321,-313,-307,-311]]},{"type":"Polygon","arcs":[[331,332,-322,-331,-328]]},{"type":"Polygon","arcs":[[333,-332,-327,334,335]]},{"type":"Polygon","arcs":[[336,-323,-333,-334]]},{"type":"Polygon","arcs":[[337,338,339,340]]},{"type":"Polygon","arcs":[[341,342,-325,343,-340]]},{"type":"Polygon","arcs":[[344,345,-335,-326,-343]]},{"type":"Polygon","arcs":[[346,-345,-342,-339,347]]},{"type":"Polygon","arcs":[[348,-348,-338,349]]},{"type":"Polygon","arcs":[[350,351,352,353,354]]},{"type":"Polygon","arcs":[[355,356,-354,357,358,-43,-59,359,360]]},{"type":"Polygon","arcs":[[361,-341,-344,-330,-54,-57,-44,-359]]},{"type":"Polygon","arcs":[[-350,-362,-358,-353]]},{"type":"Polygon","arcs":[[362,-355,-357]]},{"type":"Polygon","arcs":[[363,364,-351,-363,-356]]},{"type":"Polygon","arcs":[[365,366,367,368,369,370]]},{"type":"Polygon","arcs":[[371,-360,372,-64,373,-368]]},{"type":"Polygon","arcs":[[-58,-61,-65,-373]]},{"type":"Polygon","arcs":[[374,-364,-361,-372,375]]},{"type":"Polygon","arcs":[[376,-376,-367]]},{"type":"Polygon","arcs":[[377,378,-73,379]]},{"type":"Polygon","arcs":[[380,-369,-374,-63,-71,-74,-379,381]]},{"type":"Polygon","arcs":[[382,-382,-378,383]]},{"type":"Polygon","arcs":[[384,-371,385,386]]},{"type":"Polygon","arcs":[[387,388,389,390,-387]]},{"type":"Polygon","arcs":[[-370,-381,-383,-388,-386]]},{"type":"Polygon","arcs":[[391,392,393,-389]]},{"type":"Polygon","arcs":[[394,-390,-394,395,396,397,398]]},{"type":"Polygon","arcs":[[-391,-395,399,400]]},{"type":"Polygon","arcs":[[401,-80,402,403,-392]]},{"type":"Polygon","arcs":[[-384,-380,-81,-402]]},{"type":"Polygon","arcs":[[404,405,406,407,-1,408,409]]},{"type":"Polygon","arcs":[[410,411,-410,412]]},{"type":"Polygon","arcs":[[413,414,415,-413]]},{"type":"Polygon","arcs":[[-409,-8,-97,-101,-85,-90,416,-414]]},{"type":"Polygon","arcs":[[-79,-77,-2,-408,417,-82]]},{"type":"Polygon","arcs":[[418,-83,-418,-407]]},{"type":"Polygon","arcs":[[-84,-419,-406,419,-403]]},{"type":"Polygon","arcs":[[420,421,-411,422,423,424]]},{"type":"Polygon","arcs":[[-416,425,426,427,-423]]},{"type":"Polygon","arcs":[[428,-397,429,-412,-422]]},{"type":"Polygon","arcs":[[-393,-404,-420,-405,-430,-396]]},{"type":"Polygon","arcs":[[430,431,432]]},{"type":"Polygon","arcs":[[433,-433,434,-398,-429,-421,435]]},{"type":"Polygon","arcs":[[436,-399,-435,-432]]},{"type":"Polygon","arcs":[[437,438,439]]},{"type":"Polygon","arcs":[[440,441,442,443,-438]]},{"type":"Polygon","arcs":[[-400,-437,-431,-434,444,-442,445]]},{"type":"Polygon","arcs":[[-444,446,447,448,449,-439]]},{"type":"Polygon","arcs":[[450,451,452,453,-449]]},{"type":"Polygon","arcs":[[454,-424,-428,455,456,-451,-448]]},{"type":"Polygon","arcs":[[-445,-436,-425,-455,-447,-443]]},{"type":"Polygon","arcs":[[457,458,459,460,461]]},{"type":"Polygon","arcs":[[462,463,464,-458,465]]},{"type":"Polygon","arcs":[[466,467,468,-464,469]]},{"type":"Polygon","arcs":[[-453,470,-467,471,472]]},{"type":"Polygon","arcs":[[-470,-463,473,474,-472]]},{"type":"Polygon","arcs":[[-466,-462,475,476,-474]]},{"type":"Polygon","arcs":[[477,478,479,-476,-461]]},{"type":"Polygon","arcs":[[480,481,482,483,-478,-460]]},{"type":"Polygon","arcs":[[484,485,486,487,488,-481,-459,-465,-469]]},{"type":"Polygon","arcs":[[-457,489,490,-485,-468,-471,-452]]},{"type":"Polygon","arcs":[[-415,-417,-89,-110,491,492,493,-426]]},{"type":"Polygon","arcs":[[-427,-494,494,-490,-456]]},{"type":"Polygon","arcs":[[495,496,497,-486,-491,-495,-493]]},{"type":"Polygon","arcs":[[-498,498,499,500,-487]]},{"type":"Polygon","arcs":[[-501,501,-488]]},{"type":"Polygon","arcs":[[-502,-500,502,503,-482,-489]]},{"type":"Polygon","arcs":[[504,-120,-124,-132,505,-503,-499,-497]]},{"type":"Polygon","arcs":[[-111,-108,-105,-505,-496,-492]]},{"type":"Polygon","arcs":[[506,507,508,509,-479,-484]]},{"type":"Polygon","arcs":[[510,511,-509]]},{"type":"Polygon","arcs":[[512,513,514,-511,-508]]},{"type":"Polygon","arcs":[[515,516,517,518,-514]]},{"type":"Polygon","arcs":[[519,520,-518]]},{"type":"Polygon","arcs":[[521,-258,-263,522,-520]]},{"type":"Polygon","arcs":[[523,524,-259,-522,-517]]},{"type":"Polygon","arcs":[[-131,-129,525,526,-524,-516,-513,-507,-483,-504,-506]]},{"type":"Polygon","arcs":[[527,-245,-248,-255,-256,-525,-527]]},{"type":"Polygon","arcs":[[-241,-242,528,-135]]},{"type":"Polygon","arcs":[[-529,-528,-526,-136]]}]}},"arcs":[[[4217,5923],[25,-31],[3,3],[3,4],[5,6],[11,13],[6,7]],[[4270,5925],[6,8],[12,15],[25,31],[3,0],[37,-73],[1,-1],[78,-127],[3,4],[1,1],[1,0],[1,2],[6,8],[1,3],[1,1],[1,1],[3,6],[7,12],[13,23],[3,2],[2,2],[18,24],[30,38],[37,20],[66,38]],[[4626,5963],[12,-77],[-3,-17]],[[4635,5869],[-20,-24],[-23,-8],[15,-75],[-37,-4],[15,-80],[10,-70]],[[4595,5608],[24,-106],[25,-4],[-13,-18]],[[4631,5480],[-108,54],[9,48],[47,22],[-13,12],[-1,18],[-122,-59],[4,-67],[-23,2],[-11,3],[-29,-9],[-15,4],[-46,-17],[-16,163],[-80,-30]],[[4227,5624],[-3,6],[-6,9],[-8,12],[-5,11],[-6,11],[-5,11],[-3,9],[-2,5],[-5,14],[-7,19],[-7,15],[-6,13],[-9,17],[-2,1],[-37,70],[-2,4],[2,1],[6,4],[-3,7]],[[4119,5863],[30,10],[5,-10],[63,60]],[[4631,5480],[3,-33],[-23,-3],[-29,8],[-24,8],[-20,-35],[47,-68],[11,-34],[31,-79],[37,-80],[-13,-16],[-5,-12],[11,-12],[12,16]],[[4669,5140],[19,-3],[22,-5],[3,-37],[-26,-53]],[[4687,5042],[-1,0],[-2,2],[-4,3],[-16,12],[-15,10],[-19,12],[-3,-8],[-6,-17],[-7,-18],[-4,2],[-4,0],[-93,-11],[-19,-2],[-10,-1],[0,-1],[-1,0],[-1,0],[-2,0],[-5,-1],[-41,-5],[-7,0]],[[4427,5019],[-6,-1],[-1,0],[-1,0],[-1,0],[-4,-1],[-6,0],[-94,-12],[-17,19],[-2,3]],[[4295,5027],[-7,2],[-18,5],[-1,3],[-1,1],[0,2],[1,6],[2,12],[0,2],[-1,8],[-1,1],[2,0],[0,4],[0,2],[1,5],[1,3],[2,17],[6,53],[1,6],[-1,3],[-1,5],[9,81],[0,4],[1,2],[-1,2],[-2,2],[-3,2],[-2,3],[-3,6]],[[4279,5269],[-1,4],[0,2],[1,2],[3,5],[3,3],[1,2],[1,3],[-1,6],[1,2],[0,2],[-5,18],[0,20],[0,8],[0,27],[-4,5],[-4,5],[-1,6],[-2,7],[-3,23],[-5,13],[-2,4],[-1,2],[-2,3],[-2,1],[-1,2],[-5,5],[-6,5],[-8,6],[-5,3],[-7,2],[-8,1],[-5,0],[-7,-1],[0,22],[1,2],[0,1],[-1,0],[0,33],[-1,2],[-11,13],[0,37],[1,1],[34,0],[1,1],[4,6],[1,6],[1,5],[0,5],[0,7],[-1,4],[-6,14]],[[4635,5869],[30,-39],[3,1],[7,8],[10,3],[7,-4],[4,-18],[6,-4],[20,33],[12,-22],[9,-5],[71,-57]],[[4814,5765],[-11,-39],[-40,-71]],[[4763,5655],[1,-141],[-82,52],[-42,30],[-9,27],[-6,27],[-8,8],[-12,2],[6,-42],[-16,-10]],[[4763,5655],[83,-41],[80,-60]],[[4926,5554],[14,-15],[25,-19],[41,-28]],[[5006,5492],[-6,-20],[5,-6],[60,-32],[-9,-59],[-9,-24]],[[5047,5351],[-39,14],[-42,28],[-92,60],[-32,-41],[-56,-81],[-57,-93],[-36,-57],[-18,-28],[-6,-13]],[[5047,5351],[-12,-35],[-35,-93],[-31,-59],[59,-66],[18,-26],[12,-7],[6,-3],[4,-1]],[[5068,5061],[-2,-4],[-3,-9],[-3,-2],[-7,-17],[-2,-7],[-10,-28],[-6,-19],[-8,4],[-15,-1],[-10,-8],[-11,-4],[-8,-3],[-14,-2],[-10,0]],[[4959,4961],[-11,0],[-11,3],[-8,5],[-5,2],[-2,2],[-6,3],[-6,-16],[-2,-1],[-6,-4],[-5,1],[-2,-5],[-1,-4],[-2,-5],[-1,-4],[-1,-3],[-5,-11]],[[4885,4924],[-3,2],[-11,8],[-22,16],[-5,-5],[0,-4],[-7,-18],[-1,1],[-20,13],[-4,2],[-5,4],[-2,0],[-1,1],[-3,2],[-5,8],[-6,18],[-10,25],[-2,8],[-3,6],[-25,-23],[-1,-1],[-5,5],[-3,4],[-6,9],[-16,24],[-8,11],[-2,3],[-2,2],[0,1],[-1,0],[-3,6],[-9,-13],[-7,3]],[[5006,5492],[46,-3],[42,-4],[38,-6],[107,-135],[112,-24],[55,24]],[[5406,5344],[18,-57],[-9,-62]],[[5415,5225],[-37,-208],[-76,-178]],[[5302,4839],[-26,25],[-30,29],[-3,4],[-6,4],[-5,3],[-3,2],[-7,5],[-2,1],[-6,5],[-18,14],[-21,17],[-8,14],[-1,1],[-1,0],[0,1],[-1,1],[-4,7],[-1,2],[-4,5],[-5,6],[-18,16],[-3,5],[-2,2],[-1,2],[-1,1],[-22,23],[-12,12],[-23,19],[0,-4]],[[5415,5225],[73,-53],[49,-4],[42,-38],[22,-50],[79,-103]],[[5680,4977],[-16,-71],[-23,-129],[51,-35],[20,-13],[42,-24],[4,-7],[4,-22],[-7,-15],[6,-30],[45,-32],[62,-45],[21,-8],[16,-26],[4,-19],[16,-11],[13,-10],[30,-17],[-6,-20]],[[5962,4443],[-19,6],[-21,-6],[-18,-14],[-27,-24],[-31,33],[-12,8],[-13,1],[-16,-2],[-3,0],[4,-19],[-3,1],[-9,19],[-20,53],[-12,10],[-28,25],[-18,11],[-15,5],[-28,8],[-14,11],[-17,10],[-58,39],[-17,10],[7,24],[-13,2],[-19,30],[-30,19],[-49,19],[-36,10]],[[5427,4732],[-10,14],[0,4],[0,3],[-7,7],[-2,0],[-8,10],[0,2],[-3,2],[-6,0],[-4,-2],[-4,-6],[-4,4],[1,2],[0,3],[-2,6],[-10,9],[-16,10],[-33,23],[-17,16]],[[5502,5559],[75,-44],[18,-12],[19,-9],[21,-10],[21,-21],[16,-23]],[[5672,5440],[14,-31],[12,4],[50,-154],[15,-10],[3,-17],[-13,-7],[1,-28]],[[5754,5197],[2,-28],[2,-56],[-23,-43],[-36,-66]],[[5699,5004],[-19,-27]],[[5406,5344],[1,-1],[13,3],[6,5],[3,13],[-5,8],[78,187]],[[4984,5639],[7,-3],[82,18],[52,-20],[66,28],[19,-29],[31,-67],[8,3],[69,38],[8,-19],[130,56],[0,-1]],[[5456,5643],[15,-23],[10,-25],[12,-17],[9,-19]],[[4926,5554],[58,85]],[[6224,5214],[8,-1],[16,1],[26,6],[31,5],[45,-5],[24,0],[26,4]],[[6400,5224],[120,-6],[40,3],[37,-9],[16,-1],[28,-9],[17,-14],[6,-19],[12,-19],[6,-22],[4,-32]],[[6686,5096],[-31,0],[1,-15]],[[6656,5081],[-239,-106],[-20,-7],[-59,-2],[-17,-5],[-46,-55],[-16,-13],[-16,-3],[-185,-84],[-17,9]],[[6041,4815],[27,104],[16,69],[34,93],[23,55],[29,18],[54,60]],[[5699,5004],[37,10],[24,-7],[23,-1],[20,-12],[25,-28],[16,-27],[17,-34],[2,-6],[25,18],[26,18],[15,15],[19,26],[17,19],[12,22],[27,24],[16,20],[24,23],[23,19],[31,37],[16,12],[20,15],[21,11],[18,16],[13,7],[19,9],[19,4]],[[6041,4815],[-24,-148],[21,-35],[87,-59],[18,-11],[22,-13],[39,-2],[53,-8]],[[6257,4539],[-66,-128],[15,-73],[-64,-24],[7,-26]],[[6149,4288],[-84,21],[-40,-2]],[[6025,4307],[-6,23],[-10,32]],[[6009,4362],[-9,32],[-11,19],[-8,12],[-19,18]],[[6257,4539],[36,9],[463,219]],[[6756,4767],[24,-146],[62,-202],[11,-32],[-10,-36],[-8,-52],[7,-100],[27,-67],[4,-13],[12,-88]],[[6885,4031],[10,-22],[-55,1],[-51,-21]],[[6789,3989],[-32,26],[-62,52],[-120,-208],[-144,220],[-2,-28],[-14,9],[-9,-3],[-63,31],[-80,-25],[-23,-16],[-34,58],[-11,44],[-46,139]],[[6656,5081],[5,-83],[-9,-30],[70,-166],[34,-35]],[[5896,5796],[28,3],[54,7],[308,24],[93,14]],[[6379,5844],[24,-67],[8,-344],[-11,-209]],[[5754,5197],[129,-20],[18,180],[1,104],[-5,34],[-1,301]],[[5761,5781],[108,12],[27,3]],[[5672,5440],[13,51],[47,-4],[31,-6],[49,5],[4,110],[-55,185]],[[5614,5911],[10,33],[43,59]],[[5667,6003],[50,-126]],[[5717,5877],[44,-96]],[[5456,5643],[45,21],[33,19],[80,228]],[[5025,6117],[11,-2],[39,-29],[45,-31],[71,-51]],[[5191,6004],[-74,-137],[-133,-228]],[[4814,5765],[23,-2],[88,171],[10,34],[39,-10],[7,9]],[[4981,5967],[34,109],[10,41]],[[5455,6031],[9,-7],[51,-28],[99,-85]],[[5191,6004],[131,-104],[13,-28],[120,159]],[[5070,6316],[218,-165]],[[5288,6151],[83,-61],[75,-52],[9,-7]],[[5025,6117],[45,199]],[[4678,5982],[73,38],[45,-10],[14,6],[171,-49]],[[4626,5963],[52,19]],[[4607,6302],[31,-21],[17,-12],[13,-3],[21,2],[50,3],[55,2],[35,-5],[41,-18],[45,-32],[51,-46],[59,-55]],[[4678,5982],[-6,15],[-32,130],[-13,52],[-4,19],[-3,19],[-4,19],[-2,10],[-1,2],[0,1],[0,1],[-1,5],[-5,47]],[[4579,6533],[2,-2],[6,5],[11,7],[13,-8],[47,-12],[175,-10]],[[4833,6513],[1,-122],[196,-40],[40,-35]],[[4607,6302],[-29,-16]],[[4578,6286],[2,20],[-3,-1],[4,6],[4,8],[5,9],[4,16],[1,7],[0,2],[1,6],[0,7],[-1,5],[-7,46],[-1,6]],[[4587,6423],[-4,44],[-1,9],[0,41],[-2,12],[-1,4]],[[3558,5799],[116,31],[57,13],[29,7],[14,3],[7,2]],[[3781,5855],[1,-69],[-2,-123],[2,-96]],[[3782,5567],[-11,0],[-66,7],[-42,11],[-50,11],[-50,10]],[[3563,5606],[-5,102],[0,58],[0,33]],[[3320,5845],[66,14],[181,47]],[[3567,5906],[-3,-40],[-6,-34],[0,-17],[0,-16]],[[3563,5606],[-7,-63],[-8,-46]],[[3548,5497],[-6,4],[-10,10],[-17,12],[-20,4],[-20,2],[-19,-4],[-21,-12],[-20,-18],[-2,-55],[-8,-19],[-13,-22]],[[3392,5399],[-9,35],[-9,74],[-33,178],[-15,68],[-6,91]],[[3782,5567],[-10,-26]],[[3772,5541],[-6,-56],[-8,-58],[-10,-18],[-5,-40],[-1,-27],[-24,-25],[-43,-122]],[[3675,5195],[-1,40],[-12,55],[-27,-6],[-32,19],[-17,21],[-2,24],[0,52],[0,38],[-14,18],[-15,34],[-7,7]],[[4035,5897],[5,6],[35,2],[31,-21],[13,-21]],[[4279,5269],[-377,-49],[-1,9],[-8,10],[-13,4],[-13,-7],[-6,-18]],[[3861,5218],[-186,-23]],[[3772,5541],[28,-3],[7,-6],[178,-45],[1,31],[-26,67],[-69,172],[99,100],[28,25],[11,10],[6,5]],[[3781,5855],[7,1],[164,50],[30,8],[20,-7],[25,-9],[8,-1]],[[3131,5378],[60,-42],[74,-44],[130,-90],[28,-13],[26,-10],[-2,-5],[-5,-14]],[[3442,5160],[-92,-12],[-45,-6],[-23,-3],[-6,-1]],[[3276,5138],[-5,-1],[-12,-1],[-166,-20]],[[3093,5116],[-3,75],[-10,152],[0,30],[26,-1],[25,6]],[[3675,5195],[-45,-8],[-155,-27],[-5,-15]],[[3470,5145],[-20,-1],[-5,7],[-3,9]],[[3131,5378],[4,51],[4,12]],[[3139,5441],[23,-4],[30,-6],[23,-16],[25,-15],[20,-2],[33,5],[24,2],[33,-12],[22,-4],[20,10]],[[3035,5745],[25,10],[61,31],[199,59]],[[3139,5441],[-30,13],[-5,15],[-12,22],[-3,75],[-12,73],[-7,24],[0,18],[-4,23],[-11,14],[-25,19],[5,8]],[[3675,5195],[-18,-90],[-20,-51],[-17,-45],[-7,-25]],[[3613,4984],[-9,-41],[-2,-41]],[[3602,4902],[-52,-24],[-20,-11],[-38,-13],[-49,-11],[-14,-6]],[[3429,4837],[4,96]],[[3433,4933],[7,70],[16,3],[-24,47],[21,33],[22,37],[-5,22]],[[3433,4933],[-37,12],[-56,1],[-83,4]],[[3257,4950],[18,32],[1,156]],[[3257,4950],[-46,-6],[-74,-32]],[[3137,4912],[-14,79],[-45,-1],[-16,2],[13,36],[21,76],[-3,12]],[[3429,4837],[-11,0],[-25,-6],[-63,-22],[-91,-18]],[[3239,4791],[-67,-26]],[[3172,4765],[-10,14],[-71,47],[1,10],[-21,29]],[[3071,4865],[3,2],[4,16],[59,29]],[[3429,4837],[-15,-94],[23,-10],[2,-42],[-12,-125]],[[3427,4566],[-80,-56]],[[3347,4510],[-60,99],[-17,40],[-15,87],[-3,21],[-13,34]],[[3347,4510],[-84,-52],[-10,-7],[-30,-2],[-45,3],[-11,4],[-13,-11],[-13,-12]],[[3141,4433],[-28,48],[-41,57],[-9,9]],[[3063,4547],[27,32],[-15,22],[5,76],[4,59],[88,29]],[[3063,4547],[-9,8],[-18,17],[-29,29],[-17,13],[-28,4],[-22,1],[-12,14],[-15,16],[-14,38],[-20,36],[-11,11]],[[2868,4734],[23,6],[40,36],[36,30],[53,30],[27,16],[14,7],[6,4],[4,2]],[[3427,4566],[-2,-36],[4,-9],[-1,-58],[0,-48],[7,-14],[12,-6]],[[3447,4395],[-3,-32],[-1,-235]],[[3443,4128],[-49,12],[-32,21],[-27,25],[-11,16],[-6,7]],[[3318,4209],[-5,8],[-96,114],[-38,51],[-14,25],[-24,26]],[[3447,4395],[83,1],[51,10],[9,12],[101,30]],[[3691,4448],[-2,-71],[4,-106],[-6,-115]],[[3687,4156],[-29,-9],[-38,-11],[-32,-8],[-28,-1]],[[3560,4127],[-41,-2],[-76,3]],[[3594,4678],[18,0],[15,-2],[10,0]],[[3637,4676],[-5,-68],[3,-19],[52,-61],[-1,-11],[-2,-31],[7,-38]],[[3427,4566],[57,39],[51,35],[59,38]],[[3602,4902],[-6,-103]],[[3596,4799],[-2,-41],[1,-29],[-1,-51]],[[3837,4821],[24,-11],[24,-11],[38,-10],[9,6]],[[3932,4795],[9,-1],[11,-12],[5,-12],[-9,-6],[-4,-1],[3,-23],[4,-35]],[[3951,4705],[-1,4],[-73,-21],[-49,-14]],[[3828,4674],[-59,-10],[-22,-7],[-13,13],[-38,8],[-33,0],[-26,-2]],[[3596,4799],[19,5],[44,-34],[11,4],[85,18],[70,0],[12,29]],[[3828,4674],[-1,-26],[-2,-12],[-3,-12],[-8,-16],[0,-37],[-2,-16],[-1,-84]],[[3811,4471],[-71,-14],[-49,-9]],[[3951,4705],[100,-34],[-6,-134]],[[4045,4537],[-3,-20],[-111,-18],[-120,-28]],[[3932,4795],[-1,55]],[[3931,4850],[3,-1],[4,-2],[10,-3],[18,-8],[32,-20],[78,-36],[80,-14],[34,-10]],[[4190,4756],[-11,-51],[-26,-114]],[[4153,4591],[-15,-33],[-5,-18]],[[4133,4540],[-34,3],[-54,-6]],[[4295,5027],[-52,-134],[-14,28],[-3,-10],[-25,-105],[-11,-50]],[[3931,4850],[-2,0],[-52,30],[20,43],[13,26],[-3,18],[-6,111],[-15,116],[-16,5],[-4,9],[-5,10]],[[3837,4821],[-74,33],[-74,66],[-2,17],[-26,10],[-48,37]],[[4133,4540],[-14,-18],[-16,-13],[-35,-54],[-41,-32],[-9,-2],[-29,-26],[-26,-30],[-31,-27],[-43,-48],[-27,-33],[-6,-7]],[[3856,4250],[-10,19],[-12,18],[-12,29],[-8,19],[-4,26],[-3,24],[4,28],[-1,26],[1,32]],[[3856,4250],[-5,-6],[-12,-14],[-22,-36],[-20,-38]],[[3797,4156],[-18,8],[-21,0],[-46,-3],[-25,-5]],[[4133,4540],[-40,-80],[-123,-193],[-122,-194]],[[3848,4073],[-7,30],[-27,31],[-17,22]],[[4153,4591],[5,-1],[45,-17],[5,-25],[-5,-111],[-16,-78],[11,-7]],[[4198,4352],[-83,-275],[5,-21],[7,-16],[12,-24],[18,-27],[27,-26],[15,0],[1,2],[4,-19],[1,-12]],[[4205,3934],[1,-12],[-18,-3],[-8,-13],[-12,24],[-25,-2],[-21,0],[-23,-16],[-19,-16]],[[4080,3896],[-40,22],[6,58],[5,39],[-50,-14],[-25,-9],[-70,-5],[-34,8],[-32,-11],[-19,-9],[-38,-24],[-34,-35]],[[3749,3916],[61,95],[24,13],[19,27],[-6,14],[1,8]],[[4508,4737],[9,0],[30,3],[22,-2],[30,-11],[23,-8],[34,-12],[40,-7],[15,-4]],[[4711,4696],[18,-48],[-9,-35],[23,-137]],[[4743,4476],[-201,1],[-112,34]],[[4430,4511],[21,84],[-3,10],[3,8],[25,63],[32,61]],[[4427,5019],[32,-131],[6,-51],[9,-86],[18,-18],[16,4]],[[4430,4511],[-10,-127]],[[4420,4384],[-10,-1],[-7,-6],[-6,-11],[-2,-13],[-28,-5],[-169,4]],[[4743,4476],[207,-54],[38,-13]],[[4988,4409],[-48,-15],[0,-16],[2,-108],[-3,-53],[-41,-11],[3,-49],[-51,17],[-26,-12]],[[4824,4162],[-24,-18],[-40,1],[-30,19],[-14,60],[6,62],[-13,11],[-46,10],[-31,18],[-94,5],[-82,10],[-24,10],[-3,9],[-9,25]],[[4711,4696],[4,-1],[6,-2],[14,-4],[27,-7],[54,-15]],[[4816,4667],[40,-3],[38,18],[38,-5]],[[4932,4677],[74,-237]],[[5006,4440],[-18,-31]],[[4885,4924],[3,-2],[5,-4],[-16,-40],[-26,-5],[-1,-20],[8,-7],[9,-3],[-21,-53],[-12,1],[-13,-2],[-10,-28],[11,-26],[-6,-68]],[[5427,4732],[-9,-4],[-10,-2],[-9,-4],[-10,-8],[-10,-13],[-1,-2],[-2,-3],[-10,-14],[-7,-11],[-15,-22],[-3,-5],[-4,-2],[-5,-2],[-5,1],[-6,2],[-5,0],[-5,-2],[-5,-2],[-5,-5],[-4,-4]],[[5297,4630],[-5,21],[-183,112],[-23,-23],[-28,18],[-3,3],[-15,17],[-13,-1],[-111,57],[43,127]],[[5297,4630],[-4,-7],[-2,-3],[-2,-3],[-8,-13],[-1,0],[-3,-5],[-1,-3],[-1,-1],[-1,-1],[-6,-10],[-13,-19],[-19,-29],[-3,-5],[-5,-4],[-4,-6],[-2,-8],[-2,-6],[-1,-7]],[[5219,4500],[-24,-11],[3,28],[-33,20],[-8,5]],[[5157,4542],[-9,5],[-16,10],[-67,40],[-133,80]],[[5006,4440],[72,-52]],[[5078,4388],[57,-39],[29,-30],[75,-67],[26,-27],[4,-3]],[[5269,4222],[3,-3],[7,-7],[13,-13],[53,-53]],[[5345,4146],[-25,-28],[-2,-15],[14,-9],[23,-12],[9,-24],[1,-18],[-3,-6],[-27,9],[-2,-9],[-27,0],[-26,0],[-45,-10]],[[5235,4024],[-7,19],[-16,64],[-16,46],[-16,32],[-27,55],[-16,19],[-21,30],[-41,32],[-16,17],[-71,71]],[[5219,4500],[9,-74],[3,-18],[19,-20],[77,-69],[-58,-97]],[[5078,4388],[79,154]],[[4988,4409],[14,-86],[3,-97],[45,-215]],[[5050,4011],[-129,-25],[-71,-6]],[[4850,3980],[-26,182]],[[5050,4011],[11,-38],[112,22],[44,29],[18,0]],[[5235,4024],[7,-18],[6,-43],[1,-38],[1,-18],[0,-10]],[[5250,3897],[0,-9],[8,-92],[32,-68]],[[5290,3728],[-306,-79]],[[4984,3649],[-14,10],[-21,111],[-62,-11],[-4,20],[-3,11]],[[4880,3790],[-2,10],[-9,41],[-19,139]],[[5345,4146],[123,-124]],[[5468,4022],[0,-9],[-12,-14],[-15,-34],[-23,-27],[-168,-41]],[[5468,4022],[1,9],[2,17],[3,36],[2,37],[29,262]],[[5505,4383],[17,-22],[6,-8],[14,-21],[-2,-2],[5,-7],[1,-1],[1,-1],[1,-1],[2,-3],[10,-13],[19,-26],[32,-43],[7,-10],[7,-11],[15,-21],[7,-11],[14,-20],[22,-32],[-3,-26],[-1,-4],[-2,-13],[-2,-11],[-2,-8],[-1,-8],[-3,-13],[-2,-6],[0,-6],[0,-3],[1,-4],[0,-1],[4,-13],[1,-2],[0,-1],[1,-1],[6,-13]],[[5680,3997],[6,-14],[9,-17],[12,-25],[5,-11],[2,-2],[32,-62],[2,-4],[2,-4],[2,-2],[0,-1],[1,-1],[2,-3],[1,-2],[6,-7],[3,-4],[2,-4],[2,-3],[27,-52],[1,-3],[1,-3],[0,-3],[1,-15],[0,-1],[0,-1],[0,-2],[0,-4],[0,-7],[-1,-2],[-1,-3],[-4,-12],[-1,-3],[-11,-32],[-2,-7],[-1,-2],[-8,-12],[-1,-1],[-3,-6],[-2,-3],[-1,-1],[-5,-8],[-6,-21],[-1,-4],[-1,-4],[-4,-15],[0,-6],[0,-3],[0,-2],[0,-2],[0,-1],[0,-6],[-16,1],[-25,1],[-6,1],[-67,3],[-65,3],[-26,1],[-53,4],[-3,-1],[-1,-1],[-2,2],[-1,-1],[0,-2],[-12,8],[-24,44]],[[5445,3647],[-1,3],[-4,10],[-10,20],[-19,40],[-2,21],[10,32],[-101,-50],[-28,5]],[[5219,4500],[6,-1],[7,-8],[2,-2],[1,0],[0,-1],[1,-1],[4,-4],[17,-17],[29,-29],[3,-3],[1,1],[1,1],[4,6],[7,9],[19,25],[3,4],[2,-1],[1,-1],[1,-1],[3,-3],[7,-7],[13,-14],[2,-2],[1,1],[2,-1],[21,-25],[1,2],[11,-10],[1,-2],[2,-2],[4,-4],[3,-3],[3,-3],[3,-3],[9,-9],[3,-3],[3,-4],[5,-5],[2,-1],[2,-2],[12,-13],[9,-9],[5,-5],[9,-9],[2,4],[2,0],[2,3],[1,1],[0,1],[1,0],[3,6],[8,12],[15,24],[7,-9]],[[4411,3903],[61,-13],[49,-41],[38,-24],[49,-41],[72,-29],[50,2],[150,33]],[[4984,3649],[-3,-22],[-24,2],[-18,-24],[47,-30],[47,-50],[-18,-11],[-67,-3],[-56,-119],[-12,1]],[[4880,3393],[-122,24],[-7,-23],[-240,5],[-33,6],[-42,-3],[-38,-14]],[[4398,3388],[-4,52],[-2,25],[-1,13],[-1,6]],[[4390,3484],[0,7],[-2,28],[17,116],[9,111],[-3,86],[0,71]],[[4411,3903],[-87,7],[-57,21],[-62,3]],[[4390,3484],[-42,-2],[-53,7],[-28,-22],[-51,5],[-39,4],[-110,9],[-24,5],[-13,19],[-43,-4]],[[3987,3505],[4,32],[11,84],[15,79],[24,52],[24,88],[15,56]],[[4398,3388],[0,-32],[10,-90],[7,-73],[18,-126],[8,-42]],[[4441,3025],[-84,-22],[-10,36],[-21,14],[-11,14],[-49,42],[-42,27],[-158,87],[-7,-3]],[[4059,3220],[-33,109],[-29,82],[-7,55],[-3,39]],[[4441,3025],[60,15],[18,3],[13,-3],[14,-15],[16,1],[38,-4],[61,-10],[141,-22]],[[4802,2990],[-71,-262],[5,-54],[-50,-186],[22,-14],[-10,-40],[-75,-69],[9,-28]],[[4632,2337],[-5,-9],[-11,-2],[-11,-3],[-16,14],[-7,7],[0,-1]],[[4582,2343],[-9,8],[-31,29],[-64,56],[-38,16],[-32,25],[-36,39],[49,29],[9,9],[29,15],[-22,145],[-77,-9],[-77,-4],[12,95],[-40,11],[-1,-20],[-26,9],[-54,7]],[[4174,2803],[-24,75]],[[4150,2878],[-79,251],[-7,64],[-5,27]],[[4880,3393],[-15,-105],[-15,-15],[3,-38],[-27,-120],[-24,-125]],[[3987,3505],[0,12],[-18,0],[-6,11],[-3,24],[-17,24],[-38,-1],[-51,0],[-20,30],[-22,-3],[-2,20],[-83,-6],[-92,-8],[-20,2],[-23,5],[-11,-19],[-28,16]],[[3553,3612],[4,8],[65,87]],[[3622,3707],[25,-4],[16,21],[11,13],[-4,21],[-8,17],[29,49]],[[3691,3824],[58,92]],[[3691,3824],[-62,49],[-23,28],[-35,47],[-4,14],[-4,43],[3,55],[-6,67]],[[3622,3707],[-54,49],[-9,-10],[-94,69],[-17,2],[-18,1]],[[3430,3818],[7,62],[1,46],[5,202]],[[3250,3829],[34,-4],[71,-1],[75,-6]],[[3553,3612],[-4,-7],[-9,-16],[-32,-105]],[[3508,3484],[-57,29],[-77,57],[-47,28],[-17,6],[-18,1],[-20,-1],[-11,-9],[-11,-9],[-15,-4],[-22,-10]],[[3213,3572],[-15,1],[2,21],[18,153],[3,7],[6,16],[4,7],[20,12],[21,11],[6,2],[-28,27]],[[3508,3484],[-60,-123],[-25,-33]],[[3423,3328],[-13,27],[-3,-8],[-19,17],[10,24],[-13,27],[-11,-8],[-66,-51]],[[3308,3356],[-18,42],[-16,12],[-10,23],[10,14],[-13,41],[-17,29],[-38,41],[7,14]],[[3508,3484],[155,-127],[43,-13],[243,-65]],[[3949,3279],[-28,-78],[-23,-43],[-65,22],[-8,-10],[-4,-27],[-21,10],[-71,9],[-32,6],[-25,-1],[-35,-1],[-26,-1],[-24,-15],[-20,-12],[-20,-13]],[[3547,3125],[-43,17],[-21,21],[-33,92],[-8,16],[-6,20],[-13,37]],[[4059,3220],[-20,4],[3,9],[-47,28],[-46,18]],[[3547,3125],[-23,-25],[-28,-44],[-17,-25],[-23,-59],[-22,-50],[-96,-49]],[[3338,2873],[-40,13],[-23,17],[-23,25],[-25,38],[-27,33],[-20,16],[-13,1],[-20,-11],[-33,58],[-18,31],[-22,-9],[-7,18],[-19,29],[-6,-2],[-18,42]],[[3024,3172],[6,4],[26,18],[104,71],[-6,20],[-12,12],[-15,39],[-36,18],[44,89],[39,-56],[41,-79],[93,48]],[[2883,3063],[69,60],[52,36],[13,9],[7,4]],[[3338,2873],[-52,-125],[-33,-57],[-100,-171],[-32,-46],[-34,-38],[-30,-33]],[[3057,2403],[-14,23],[-55,-32],[-33,94],[54,24],[17,5],[-1,10],[-17,-5],[-37,115],[28,18],[-18,54],[-32,84],[-109,15],[25,147],[5,27]],[[2870,2982],[4,27],[9,54]],[[3547,3125],[11,-20],[1,-17],[-3,-32],[9,-19],[-22,-38],[8,-18],[39,-147],[11,-66],[3,-16]],[[3604,2752],[-60,-78],[-47,-59],[-46,-64],[-38,-60],[-31,-51],[-34,-75],[13,-29],[115,-210],[43,-81],[17,-32],[9,-15],[7,-10]],[[3552,1988],[-2,-2],[-9,-6],[-11,-9],[-18,-14],[-45,-35],[-16,-13],[-10,-7],[-14,-9],[-4,-3],[-3,-3],[-12,-11],[-14,-11],[-10,-8],[-13,-11],[-11,-9],[-4,-4],[-3,-4],[-2,-3],[-11,-18],[-9,-13],[-3,-5],[-2,5],[-3,6],[-6,11],[-8,17],[-5,8],[-8,15],[-9,18],[-7,15],[-9,18],[-1,3],[-10,18],[-6,11],[-3,6],[-3,6],[-13,24],[-4,8],[-7,13],[-12,23],[-14,25],[-18,32],[-2,4],[-2,3],[-2,3],[-4,9],[-2,3],[-3,5],[-2,4],[-2,3],[-23,43],[-12,22],[-2,3],[-2,3],[0,1],[-1,2],[-17,31],[-3,5],[-17,34],[5,3],[6,4],[4,10],[2,11],[0,7],[0,4],[-3,6],[0,1],[-2,6]],[[3096,2302],[-8,28],[-31,73]],[[3604,2752],[3,-17],[5,-33]],[[3612,2702],[24,-77],[-5,-10],[15,-29],[-4,-5],[15,-37],[10,6],[27,15],[22,-48],[24,-50],[0,-12],[5,-26],[6,-17],[-19,-10],[8,-22],[19,-53],[12,-10],[-5,-29],[53,-19]],[[3819,2269],[-30,-22],[-5,-11],[3,-16],[12,-37],[-6,-12]],[[3793,2171],[-6,-1],[-15,-13],[-26,-22],[-27,-21],[-42,-32],[-41,-31],[-84,-63]],[[4150,2878],[-55,-22],[-163,-42],[-1,-12],[-111,91],[-99,-109],[-42,-47],[-35,-19],[-32,-16]],[[4174,2803],[37,-121],[-10,-10],[-31,-30],[-14,6],[-72,-189],[-30,-26],[-22,40],[-9,-9],[19,-37],[-20,-16]],[[4022,2411],[-203,-142]],[[4582,2343],[-33,-82],[-13,-10],[-21,-13],[8,-39],[-79,-189],[-12,-21],[17,-112],[36,-85]],[[4485,1792],[-10,-14],[-14,4],[-5,13],[-4,5],[-87,-32],[-3,-72],[-87,-107],[-43,-53],[-22,-26],[-5,-7],[-4,-9]],[[4201,1494],[3,20],[5,39],[12,80],[-48,37],[-16,12],[-12,8],[-39,28],[-27,17],[-17,15],[-2,2],[-8,6],[-17,13],[-3,3],[-3,3],[-2,3],[-2,2],[-3,3],[-2,3],[-3,3],[-2,2],[-3,4],[-3,2],[-2,3],[-3,3],[-2,3],[-3,2],[-3,3],[-2,2],[-3,3],[-3,3],[-2,2],[-3,3],[-3,2],[-3,3],[-2,2],[-3,3],[-3,3],[-3,2],[-5,5],[-2,2],[-3,3],[-2,3],[-2,3],[-3,3],[-2,3],[-7,7],[-6,8],[-2,2]],[[3932,1880],[141,306],[17,30],[-9,28],[-19,39],[-40,128]],[[3932,1880],[-1,1],[-9,9],[-7,7],[-1,0],[-7,7],[-8,9],[-1,1],[-6,7],[-3,4],[-4,5],[-2,3],[-3,4],[-3,3],[-3,4],[-2,3],[-3,3],[-4,5],[-3,5],[-6,7],[-9,11],[-11,14],[-1,1],[-45,56],[1,50],[1,42],[1,30]],[[4632,2337],[8,-28],[17,-56],[10,-40],[74,32],[24,4],[30,-8],[37,-16],[32,-28],[37,-24],[10,-11]],[[4911,2162],[-74,-212],[-49,-153],[-1,-20],[6,-39],[-29,-8],[-34,-3],[6,-51],[-4,-75]],[[4732,1601],[-229,187],[-18,4]],[[4732,1601],[0,-79],[23,-36],[18,-41],[16,-6],[18,-49],[97,-280]],[[4904,1110],[-2,0],[-2,1],[-7,0],[-6,0],[-7,1],[-54,4],[3,14],[-20,-5],[-14,-2],[-1,-1],[-9,-1],[-12,1],[-21,5],[-7,1],[-8,1],[-8,1],[-8,0],[-15,1],[-8,2],[-24,5],[-5,1],[-7,1],[-7,2],[-8,1],[-12,1],[-15,3],[-8,1],[-20,3],[-26,1],[-52,4],[-47,2],[-5,40],[0,6],[0,18],[2,19],[0,13],[-1,5],[-1,13],[0,1],[2,15],[-4,59],[0,5],[-1,9],[0,6],[-1,5],[0,5],[-1,6],[0,5],[-1,5],[0,6],[-1,5],[0,8],[-1,7],[0,5],[-1,7],[0,7],[-1,7],[-1,6],[0,6],[-1,7],[0,5],[-1,8],[-35,-4],[-37,-3],[-31,-3],[-34,-2],[-14,0],[-23,1],[-16,2],[-18,2],[-12,1],[-18,2],[-13,1],[3,20]],[[4911,2162],[11,-11],[4,-21]],[[4926,2130],[-1,-7],[0,-1],[-6,-3],[-6,-2],[-1,-5],[-1,-6],[0,-5],[-1,-5],[-1,-4],[-1,-12],[-2,-24],[1,-6],[0,-6],[1,-7],[0,-4],[2,-6],[1,-5],[1,-6],[1,-6],[1,-5],[2,-6],[1,-6],[2,-12],[2,-8],[1,-2],[0,-2],[1,-5],[2,-4],[1,-5],[1,-6],[4,-18],[4,-19],[4,-17],[8,-40],[2,-5],[1,-6],[1,-6],[1,-5],[1,-3],[1,-3],[1,-6],[3,-11],[1,-3],[1,-5],[1,-6],[1,-6],[2,-6],[1,-5],[1,-6],[2,-6],[1,-5],[2,-10],[1,-4],[3,-11],[1,-5],[0,-2],[2,-6],[1,-6],[1,-6],[2,-5],[1,-6],[1,-6],[1,-6],[2,-5],[1,-4],[1,-7],[1,-3],[0,-2],[14,-61],[7,-29],[10,-39],[2,-9],[1,-5],[1,-5],[1,-5],[1,-4],[1,-5],[1,-4],[1,-5],[1,-4],[2,-12],[1,-3],[2,-7],[1,-4],[1,-6],[1,-5],[1,-5],[0,-3],[1,-3],[0,-5],[1,-6],[1,-5],[1,-5],[1,-8],[0,-2],[0,-2],[0,-15],[-1,-5],[-3,-9],[-3,-8],[-1,-3],[-3,-9],[-2,-4],[-1,-6],[-1,-2],[-1,-2],[-2,-6],[-1,-5],[-2,-5],[-2,-5],[-1,-4],[-2,-5],[-2,-4],[-1,-5],[-2,-5],[-1,-5],[-2,-5],[-2,-4],[-1,-5],[-3,-7],[-1,-3],[-1,-4],[-1,-2],[-1,-2],[0,-3],[-41,-118],[-13,-40],[-19,2],[-22,1],[-2,0]],[[5290,3728],[2,-19],[116,-314],[-35,-1],[-69,-1],[-97,5],[-1,-14],[-36,-100],[-39,-118],[4,-19]],[[5135,3147],[-42,-34],[-291,-123]],[[5135,3147],[12,-69],[4,-51]],[[5151,3027],[0,-23],[11,-437],[18,-32]],[[5180,2535],[13,-37],[5,-96],[6,-88],[6,-51]],[[5210,2263],[-2,-1],[-37,-19],[-12,-7],[-28,-17],[-16,-10],[-6,-4],[-12,-3],[-11,-4],[-39,-13],[-21,-8],[-23,-9],[-11,-6],[-13,-7],[-8,-4],[-30,-12],[-15,-9]],[[5151,3027],[17,4],[120,-97],[22,-6],[60,0],[14,-1],[15,-4],[-1,11],[76,164],[22,47],[9,10],[26,-1],[17,-1],[13,-10],[14,-13],[15,-15],[14,-14],[25,-27],[19,-19],[-1,-4],[8,-19],[15,-28],[17,-14],[16,-25],[19,-7]],[[5722,2958],[-30,-54],[-29,-55],[83,-78],[42,-44],[3,-13],[-55,-43],[-2,-71]],[[5734,2600],[-45,11],[-14,18],[-26,31],[-29,31],[-37,32],[-13,13],[-21,13],[-16,22],[-2,11],[-171,-126],[-137,-104],[-43,-17]],[[5734,2600],[124,-7],[16,7],[9,-15],[23,-36]],[[5906,2549],[-112,-185],[-51,29],[-82,10],[-12,4]],[[5649,2407],[-5,23],[-1,1],[-17,8],[-6,3],[-43,21],[-20,-6],[-44,-11],[-15,-7],[-25,-12],[-23,-11],[-8,-5],[-37,-27],[-14,-9],[-22,-14],[-8,-5],[-14,-9],[-12,-13],[-1,-1],[-3,-1],[-3,-2],[-4,-2],[-5,-3],[-6,-3],[-2,-2],[-12,-7],[-4,-2],[-8,-4],[-1,-1],[-8,-5],[-5,-3],[-3,-2],[-3,-2],[-3,-3],[-4,-2],[-3,-3],[-6,-3],[-4,-3],[-6,-3],[-3,-2],[-6,-3],[-4,-1],[-6,-3],[-10,-4],[-2,-1]],[[5906,2549],[66,-122],[31,-46],[48,-65],[19,-8],[13,18],[14,9],[35,46],[20,9],[22,-7],[94,24],[-6,13],[23,-2],[36,21],[81,70]],[[6402,2509],[0,-2],[6,-12],[1,0],[0,-1],[2,-3],[5,-3],[2,-1],[2,-6],[1,-3],[5,-5],[2,-18],[3,-20],[19,-32],[1,-30],[0,-6],[2,-9],[0,-1],[3,-14],[5,-20],[3,-8],[-2,-6],[-2,-4],[-1,-4],[-2,-4],[-1,-4],[-2,-4],[-2,-5],[1,0],[4,-2],[1,-6],[1,-1],[4,-2],[4,-4],[13,-9],[-7,-13],[-5,-14],[3,-7],[-6,-9],[0,-1],[4,-7],[3,-6],[-5,-11],[-4,-8],[2,-3],[3,-4],[-3,-14],[-4,-21],[-4,-15],[0,-1],[0,-1],[0,-2],[-1,-3],[-2,-8],[-4,-19],[-5,-20],[-8,-14],[-2,-3],[-8,-12],[2,-6],[-11,-17],[-3,-4],[-3,-4],[-6,-8],[4,-6],[-8,-8],[-1,-1],[-25,-33],[-6,-8],[0,-3],[4,-12],[-13,-17],[-1,-1],[0,-2],[0,-7],[0,-2]],[[6360,1905],[-30,-16],[-1,-1],[-98,-33],[-61,-16],[-35,-9],[-45,-15],[-4,-1],[-1,0],[-2,0],[-1,-1],[-12,-2],[-21,-5],[-11,-3],[-2,-1],[-17,-6],[-1,0],[-27,-11],[-11,-4],[-5,-1],[-17,-3],[-8,-2],[-4,0],[-4,-1],[-16,-3],[-3,-1],[-45,-14],[-55,-29],[-8,57],[-3,29],[-2,18],[-1,10],[-5,21],[-5,14],[-1,5],[-10,37],[0,2],[0,8],[1,8],[-1,5],[-1,0],[0,2],[-3,4],[-5,11],[-1,2],[-3,13],[-5,16],[-6,26],[-1,1],[0,2],[-2,4],[-1,4],[-1,4],[-2,5],[-1,4],[-2,4],[-1,5],[-2,5],[-2,5],[-2,5],[-2,6],[-2,6],[-6,18],[0,3],[0,2],[-3,11],[-6,21],[-1,4],[-1,4],[-1,4],[-1,4],[-2,5],[-1,4],[-1,4],[-1,4],[-1,4],[-1,3],[-2,3],[0,3],[-1,2],[-4,12],[-2,7],[-1,3],[-6,16],[-2,6],[-3,8],[-1,5],[-2,6],[-1,4],[-1,4],[-1,3],[-1,4],[-1,4],[-1,4],[-1,4],[-1,3],[-2,4],[-1,4],[-1,4],[-1,4],[-4,14],[-1,4],[-1,4],[-1,4],[-1,4],[-1,4],[-1,4],[-1,4],[-1,4],[-1,3],[-2,5],[0,3],[-2,4],[-1,4],[-1,4],[-5,19],[-1,4],[-2,9],[-1,5],[-1,4],[-1,5],[-1,5]],[[5722,2958],[60,109],[1,1],[3,2],[5,4],[10,7],[16,13]],[[5817,3094],[2,-3],[5,-5],[21,-21],[21,-20],[13,-14],[4,-3],[9,-8],[35,-32],[7,-6],[4,-3],[1,-1],[1,-1],[1,-2],[15,-13],[2,-3],[2,-3],[2,-4],[3,-3],[4,-3],[27,-26],[4,-4],[5,-4],[4,-4],[5,-5],[4,-4],[5,-4],[4,-4],[5,-4],[6,-6],[3,-1],[1,-1],[3,-2],[15,-14],[16,-15],[2,-3],[4,-6],[4,-5],[1,-1],[2,-2],[4,-1],[4,-1],[3,-4],[24,-29],[49,-47],[45,-42],[22,-18],[43,-26],[24,-10],[32,-9],[20,-4],[43,-2],[4,-1],[2,0],[1,0],[3,0],[2,0],[4,0],[8,-4]],[[6426,2633],[-14,-46],[0,-1],[0,-2],[-6,-20],[-11,-31],[0,-2],[1,-8],[2,-10],[4,-4]],[[5445,3647],[-2,-2],[-15,-7],[0,1],[-40,-18],[-1,-3],[-11,-4],[-6,-5],[15,0],[28,-2],[28,-11],[26,-16],[23,-28],[20,-35],[17,-52],[14,-43],[3,-10],[2,-5],[6,-7],[0,-3],[3,-8],[9,-22],[0,-7],[0,-2],[2,1],[0,-1],[1,-2],[2,1],[1,-2],[3,-8],[4,-10],[8,-12],[14,-18],[1,-1],[12,-14],[31,-30],[66,-64],[15,-14],[25,-24],[17,-17],[6,-3],[23,-23],[2,-6],[6,-4],[6,-5],[4,-3],[1,-1],[1,-1],[1,0],[1,-3]],[[6009,4362],[-181,-185],[-148,-180]],[[6025,4307],[21,-127],[3,-40],[-12,-60],[-3,-29],[4,-26],[4,-29],[11,-34],[22,-31],[16,-17],[7,-8]],[[6098,3906],[-49,-100],[-28,-44],[121,-133]],[[6142,3629],[-65,-60],[-76,-189],[-32,-34],[-31,-52],[-79,-131],[-42,-69]],[[6098,3906],[8,-9],[3,-35],[23,-43],[8,-35],[9,-11],[18,-59],[31,-21],[15,-16],[26,-14],[25,-17],[11,-10],[28,-23],[56,-50],[29,-2],[18,-6],[16,-43],[8,-32],[15,-28],[37,-20],[8,-9],[26,-10],[20,-2],[27,-1],[23,4],[25,9],[40,36],[46,28],[36,0],[35,-2],[13,-1],[40,-19],[32,-18],[35,-20],[40,-11],[54,-7]],[[6982,3409],[2,-70]],[[6984,3339],[-103,43],[-9,-50],[-33,-50],[-72,32],[-39,-44],[38,-52],[-34,-30],[-36,30],[-52,-42],[-81,-77]],[[6563,3099],[-71,23],[-82,86],[-73,153],[-67,88],[-65,94],[-63,86]],[[6789,3989],[31,-26],[125,-104],[8,-10],[59,-62],[72,-71],[102,-75],[-1,-34],[-101,-76]],[[7084,3531],[5,-64],[-6,-53],[-20,13],[-81,-18]],[[6563,3099],[110,-155],[51,-52],[-37,-44],[-42,-47],[-45,-54],[-55,-27],[-34,-19],[-64,-11],[-21,-57]],[[6984,3339],[6,-114],[9,-169],[15,-63],[12,-24],[20,-52],[11,-55],[3,-75],[-9,-71],[2,-51],[3,-30]],[[7056,2635],[-119,-38]],[[6937,2597],[-178,-9],[-153,12],[-180,33]],[[6937,2597],[198,-301]],[[7135,2296],[-25,-65],[-23,-44],[-35,-60],[-26,-41],[-46,-59],[-46,-56],[-42,-48],[-45,-46],[-40,-27],[-50,-24],[-35,-16],[-42,-9]],[[6680,1801],[4,10],[17,40],[4,15],[-19,-17],[-44,-32],[-24,-17],[-48,-45],[-55,50],[-1,0],[-20,9],[-23,15],[-22,18],[-28,8],[-22,5],[-19,10],[-20,35]],[[7135,2296],[70,-100],[37,-75],[53,-41],[125,-143],[-28,-60],[17,-49],[44,-6],[31,-47],[27,-34],[2,-56],[-11,-34]],[[7502,1651],[-27,-17],[-15,-5],[-34,-21],[-19,-11],[-103,-42],[-39,-14],[-20,-8],[-22,-5],[-14,-7],[-31,-14],[-23,-11],[-25,-12],[-20,-10],[-6,-2],[-10,-4],[-21,-8],[-26,3],[-31,3],[-23,3],[-124,18],[-87,11],[-92,10],[-40,4],[-5,27],[-4,27],[4,44],[4,35],[8,37],[2,15],[1,5],[7,52],[9,37],[4,10]],[[7056,2635],[186,42],[15,-6],[43,-24],[22,-44],[15,-65],[19,-71],[13,-54],[16,-102],[26,-61],[50,-21],[51,-25],[55,10],[128,-40],[36,-31],[16,-11]],[[7747,2132],[16,-10],[31,-21],[92,-11],[73,23],[43,-67],[31,-58],[76,-117],[84,-131],[43,-32],[34,-15],[23,-84],[-4,-105],[10,-121],[57,-67],[47,-59],[54,-30],[112,14],[176,83],[361,478],[121,284],[19,31],[26,52],[15,26],[18,28],[37,32],[36,25],[85,59]],[[9463,2339],[23,-31],[56,77],[-1,51]],[[9541,2436],[18,-20],[-2,-8],[-8,-22],[2,-1],[-3,-5],[-2,-4],[-1,-1],[-1,-5],[-3,-14],[-2,-7],[-3,-19],[1,-2],[1,-13],[5,-16],[9,-16],[6,-10],[11,-23],[23,-45],[6,-21],[3,-19],[8,-9],[14,-7],[8,-3],[12,-12],[2,-4],[9,-31],[8,-16],[2,-5],[5,-17],[-1,-2],[-7,-8],[-3,-3],[-10,-6],[0,-1],[-26,-16],[-10,-31],[-5,-20],[1,-6],[-4,-6],[-2,-23],[2,-14],[0,-6],[1,-4],[1,-4],[0,-4],[-4,2],[-3,-7],[-7,-2],[-2,-3],[2,-5],[-3,-6],[-2,-4],[-8,-9],[-4,-5],[-7,-8],[-3,-10],[-10,-8],[-9,-8],[-4,1],[-6,5],[-2,7],[1,4],[-3,0],[-5,-2],[0,-2],[1,-2],[1,-3],[-1,-2],[-1,-1],[-5,-1],[-5,2],[-5,3],[-4,5],[-2,4],[-2,0],[-3,-6],[-1,-4],[-2,-4],[-15,-8],[-3,1],[-3,1],[-3,4],[-2,-5],[-3,-4],[-1,-4],[-2,-5],[-3,-7],[-4,-2],[-6,-4],[-1,-1],[-4,-3],[-3,-5],[-5,-2],[-2,1],[-2,-1],[-2,-3],[-42,25],[-6,-5],[-10,-4],[-5,0],[-7,2],[-7,3],[-2,5],[-6,14],[-1,3],[-1,2],[-2,0],[0,1],[-13,-1],[-11,-13],[-10,-5],[-4,-5],[-1,-2],[-2,-5],[1,-1],[-3,-11],[-1,-2],[-3,-6],[-3,-3],[-4,-3],[-3,-1],[-2,0],[-1,0],[-2,-1],[-1,-1],[-2,-3],[-3,-2],[-4,-8],[-7,-5],[-2,-3],[-2,-5],[-4,-7],[-4,-5],[-7,-9],[-5,4],[-7,-13],[-1,-6],[-1,-2],[-8,-7],[-11,-7],[-5,0],[-5,2],[-10,-4],[-4,-8],[-12,-23],[-13,-16],[-14,-7],[-4,0],[-11,3],[-2,-1],[-8,-9],[-1,-2],[-6,-14],[-3,-8],[-5,-10],[-5,-11],[-5,-11],[-6,-4],[-2,-2],[-5,-6],[-7,-5],[-4,4],[-1,12],[2,7],[3,2],[3,11],[0,3],[-4,0],[-7,-5],[-3,-5],[0,-5],[-4,-4],[-1,-6],[4,-4],[-6,-12],[1,-11],[-1,-5],[-1,-3],[-4,-3],[-6,-2],[-9,-17],[-3,-4],[-1,-1],[-8,-3],[-2,-4],[-13,-22],[-2,-4],[-9,-10],[-4,-6],[-6,-10],[-2,-5],[-2,-2],[-5,-2],[-1,-4],[-3,-2],[0,-1],[0,-1],[-4,-5],[-6,-8],[-13,-14],[-7,-6],[-5,-1],[-6,0],[-4,1],[-8,10],[-2,5],[-1,1],[-4,5],[-2,5],[-1,-9],[0,-1],[-3,-12],[-1,-8],[-12,4],[-2,-9],[0,-2],[-1,-2],[-6,-24],[0,-4],[8,0],[7,0],[3,-18],[9,-10],[27,9],[39,-34],[42,-34],[11,4],[35,12],[8,0],[0,-12],[-4,-12],[-2,-9],[-1,-1],[-3,-14],[-8,-50],[-5,-24],[31,9],[2,-7],[15,0],[3,-10],[-10,-48],[-10,-19],[-1,-7],[-4,-6],[0,-1],[-3,-8],[-1,-3],[-9,-20],[-9,-10],[-5,-16],[-7,-10],[-2,-2],[-8,-17],[-2,-6],[-8,-21],[-6,-4],[-3,-7],[-9,-10],[-5,-8],[-6,-6],[-6,-11],[-2,-5],[0,-4],[1,-8],[4,-7],[2,-11],[-16,-1],[-3,-1],[-3,-4],[-1,-7],[10,-6],[0,-3],[-3,-3],[-7,4],[-3,1],[-2,5],[-12,8],[-2,1],[-6,2],[-3,-1],[-4,0],[3,-4],[-10,-5],[-26,-4],[-8,13],[-1,1],[-19,22],[-7,6],[-3,4],[-14,6],[-6,5],[-1,2],[-17,8],[-18,-4],[-4,1],[-4,-1],[-4,-2],[-2,0],[-1,0],[-7,0],[-3,1],[-3,-4],[-10,-4],[-11,-13],[-3,-4],[-5,-6],[-1,-1],[-13,-12],[-6,-6],[-6,-5],[-18,-10],[-1,-1],[-6,-3],[-10,-4],[-8,-4],[-10,-5],[-12,-13],[-8,-29],[-7,-16],[-1,-1],[-1,0],[-12,-8],[-18,-34],[-6,-9],[-8,-21],[-6,-20],[0,-1],[0,-17],[-3,-15],[-1,-8],[-4,-17],[0,-5],[1,-6],[5,-32],[3,-7],[-17,4],[-5,-2],[-2,-2],[-1,-1],[-7,-7],[-11,-15],[-6,-12],[-8,-25],[-2,-9],[0,-5],[2,-8],[3,-6],[-9,-13],[-1,-4],[3,-2],[0,-1],[-1,-1],[-1,-4],[-3,-1],[-4,-4],[-8,-5],[-3,-4],[-11,-8],[-2,0],[-5,-5],[-10,-15],[2,-5],[0,-3],[-3,-6],[-6,-5],[-11,-4],[-4,-4],[-3,-7],[-3,-5],[0,-6],[-1,-1],[-2,-21],[-2,-25],[2,-4],[-2,-12],[-9,-23],[-1,-6],[1,-11],[-1,-7],[-3,-8],[-6,-9],[-1,-2],[0,-1],[-1,-2],[-13,-16],[-10,-14],[-13,-29],[-7,-28],[-10,-30],[-6,-12],[3,-23],[6,-66],[-13,-19],[-3,-3],[-9,-4],[-20,-12],[-4,-3],[-11,-1],[-4,1],[-22,11],[-7,4],[-15,33],[-26,0],[-29,58],[-32,40],[-2,3],[-1,3],[-3,6],[-6,11],[-12,24],[-2,14],[-8,49],[20,41],[1,93],[1,98],[1,74],[2,6],[1,15],[5,14],[2,15],[-4,12],[-1,17],[8,27],[1,11],[12,21],[5,6],[12,35],[55,50],[21,14],[8,15],[4,9],[3,28],[1,31],[-7,27],[-3,19],[1,16],[-48,9],[-22,10],[3,10],[8,43],[0,47],[-1,44],[-1,25],[-1,32],[-138,-36],[-24,49],[-30,64],[0,1],[-18,38],[-49,-35],[-11,-8],[-12,-8],[-25,-16],[-53,-36],[-10,-7],[-12,-7],[-2,-2],[-37,-25],[-1,-1],[-17,-11],[-1,-1],[-3,-1],[-5,-5],[-5,-3],[-4,-3],[-15,-9],[-1,-1],[-22,-15],[-1,-2],[-25,-17],[-1,-1],[-23,-11],[12,50],[0,19],[-4,21],[-15,36],[12,19],[1,16],[-7,20],[-17,35],[-15,18],[-2,3],[-3,8],[-7,25],[-25,34],[-6,3],[-6,6],[-14,25],[-3,9],[-2,1],[-4,-1],[-42,17],[-18,37],[-1,11],[5,18],[1,11],[-2,7],[-3,6],[-4,0],[-5,-2],[-11,31],[0,9],[3,18],[0,11],[2,11],[3,15],[-1,9],[-1,3],[-25,30]],[[7118,4046],[100,83],[21,69],[65,45],[32,-28],[65,34]],[[7401,4249],[85,-84],[-2,-8],[52,-47],[106,-110]],[[7642,4000],[-68,-418],[8,-43],[-89,-59],[18,-17],[-5,-51],[8,-107]],[[7514,3305],[-1,-15],[-10,-34],[-114,-88],[-16,-12],[-17,-23],[-14,-26]],[[7342,3107],[-51,40],[-66,21],[-7,4],[26,78],[-31,73],[-23,31],[-31,40],[-14,35],[-25,38],[-16,21],[-4,2],[-16,41]],[[6885,4031],[51,-7],[60,-8],[32,-3],[21,3],[30,13],[16,-8],[18,8],[5,17]],[[7342,3107],[259,-199],[223,-185],[20,-108],[-76,-97],[-16,-50],[23,-34],[47,-32],[-75,-270]],[[7514,3305],[28,6],[49,-5],[34,-6],[42,-31],[28,-19],[36,-8],[60,-53],[25,-19],[54,-41],[22,2],[21,21],[31,-6],[16,1],[408,-142],[102,-35],[25,-9],[13,-4]],[[8508,2957],[13,-4],[51,-18],[203,-71],[61,-16],[24,-9],[16,-36],[9,-54],[14,-33],[17,-6],[18,15],[18,12],[26,-4],[20,1],[41,-13],[24,-10],[23,-22],[31,-45],[32,-18],[20,1],[48,-3],[32,-7],[37,-5],[26,-4],[11,-20],[18,-33],[18,-30],[31,-40],[15,-22],[5,-43],[1,-27],[29,-21],[23,-33]],[[8673,3981],[-103,-683],[-62,-341]],[[7642,4000],[80,2],[2,-45],[49,-14]],[[7773,3943],[26,-10],[24,-15],[30,44],[23,-9],[38,-13],[1,-8],[-1,0],[-1,-51],[13,0],[1,-14],[0,-31],[-4,-7],[-4,-4],[18,-6],[6,5],[4,3],[-6,12],[0,2],[1,7],[-5,11],[0,2],[3,2],[0,1],[-4,3],[0,2],[3,11],[1,9],[33,0],[-1,2],[-7,5],[2,36],[7,104],[2,0],[41,-5],[19,17],[23,26],[74,33],[96,77],[9,15],[39,-10],[26,-1],[10,-3],[12,-7],[33,-21],[16,-10],[45,-24],[9,-7],[35,-42],[38,-23],[25,-14],[18,-2],[8,0],[5,4],[17,5],[20,9],[3,-12],[2,-4],[19,-10],[10,-4],[5,-3],[4,-2],[36,-37]],[[8673,3981],[14,-14],[27,-21],[18,-19],[33,-24],[25,-43],[37,-51],[57,-27],[26,-4],[22,0],[17,-8],[6,-2],[3,-1],[3,0],[13,-3],[22,-4],[17,-6],[7,-6],[5,-18],[4,-14],[5,-17],[6,-19],[8,-36],[-1,-4],[3,-56],[12,-37],[3,-24],[-2,-25],[-3,-11],[28,-7],[17,-3],[26,-1],[23,-3],[9,25],[2,19],[3,44],[-2,28],[-4,36],[-28,5],[-6,33],[-2,33],[-4,32],[-7,31],[-24,58],[-22,59],[33,-2],[9,-21],[27,-29],[5,-4],[4,-5],[9,-8],[6,-5],[6,-6],[31,-25],[54,-43],[29,-10],[6,2],[14,0],[18,-4],[4,-12],[24,-65],[42,-106],[65,-90],[28,-39],[29,-40],[5,-8],[36,-8],[4,-2],[15,-3],[24,12],[8,-2],[10,-3],[1,-10],[14,-9],[11,-4],[8,-5],[44,-9],[25,-9],[13,-2],[23,9],[10,-5],[15,-4],[41,-8],[16,-10],[35,-14],[10,-6],[8,-7],[12,-16],[7,-12],[5,-14],[16,5],[-15,-41],[-16,-45],[4,-2],[37,-8],[-8,-39],[-18,-96],[33,-5],[50,-11],[4,-5],[-3,-10],[-14,-35],[-83,15],[7,37],[21,109],[-65,-3],[-22,-1],[-76,-81],[-19,-19],[-7,-59],[-5,-44],[-5,-52],[-19,1],[-20,3],[-6,-44],[-5,-45],[-3,-17],[-6,-20],[36,-18],[6,-2],[0,-4],[-2,0],[0,-3],[-3,-18],[-2,-16],[-7,-11],[-17,8],[-2,-8],[-21,7],[-7,1],[-3,-7],[-29,-57],[-42,-82],[-20,-38],[-2,0],[0,-1],[0,-2],[1,-1],[0,-4],[3,-7],[1,-4],[-18,0]],[[7420,5781],[66,-4]],[[7486,5777],[133,83],[22,-2],[17,-13],[15,-15],[1,-22],[-12,-24],[-13,1],[-15,4],[25,-146]],[[7659,5643],[-86,20],[-26,-130],[-26,-194],[-55,-20],[-38,-13],[-135,-143],[-78,9]],[[7215,5172],[18,42],[22,93],[21,129],[7,23],[-5,50],[2,31],[53,65],[57,81],[24,13],[12,37],[-6,45]],[[7659,5643],[119,-28],[15,-3],[5,12],[6,-5],[18,29],[45,-22],[11,-5],[23,16],[17,-13],[7,15],[33,-26]],[[7958,5613],[-31,-20],[-68,-99],[-62,-88],[-13,-27],[-22,-65],[-24,-41],[-34,-66],[-19,-39],[-31,-36],[-34,-87],[-20,-47],[-20,-57],[-8,-31],[-39,-144],[17,-62],[-50,-191],[-38,-36],[-23,-54],[-18,8],[-15,-67],[-38,-36],[14,-30],[25,-29],[-6,-20]],[[7118,4046],[7,24],[0,22],[-7,19],[-17,25],[-26,20],[-22,47],[-16,50],[-4,50],[30,49],[-1,4],[21,43],[16,44],[12,74],[30,43],[5,46],[-7,17],[-12,67],[11,61],[13,5],[40,51],[21,11],[51,5],[13,16],[-2,40],[28,78],[-89,155],[2,60]],[[7958,5613],[24,48],[12,24],[5,10]],[[7999,5695],[3,0],[56,10],[3,1],[10,1],[21,-2],[22,-1],[17,1],[17,0],[33,-1],[26,-2],[16,-3],[15,-6],[5,-2],[11,-5],[13,-1],[25,-5],[9,0],[23,-1],[17,1],[31,4],[22,-1],[29,0],[7,1],[4,0],[3,0],[15,0],[18,-101],[2,-5],[2,-3],[2,-4],[-23,-27],[-5,-7],[-2,-1],[-1,-2],[-3,-4],[-11,-13],[-48,-39],[-77,-63],[-45,-37],[-24,-23],[-43,-55],[-3,-5],[-32,-37],[-17,-24],[-26,-44],[-37,-92],[-35,-94],[-8,-32],[-11,-66],[-17,-105],[-3,-9],[-41,-153],[25,-15],[14,-6],[35,-9],[14,0],[-1,-3],[-43,-70],[-26,-42],[-31,-51],[-40,-66],[-30,-48],[-53,-86],[-11,-88],[-8,-61],[28,-10],[17,-14],[-75,-120],[-6,-7]],[[7586,6202],[14,-5],[27,-8],[22,-8],[55,-17],[31,-11],[19,-6],[3,-1],[2,-1],[5,-1],[10,-3],[38,-13],[77,-25],[9,-3],[213,-35],[21,-12],[29,-5],[7,-33],[-48,-95],[-34,-67],[-22,18],[-5,5],[-30,40],[-9,-9],[-21,5],[-29,13],[-1,-2],[14,-107],[-3,-4],[-11,-12],[10,-77],[5,-33],[15,5]],[[7486,5777],[-14,20],[-1,29],[5,70],[72,-14],[60,73],[-22,247]],[[7393,6277],[5,-8],[3,-5],[5,-3],[41,-14],[41,-13],[31,-10],[54,-18],[13,-4]],[[7420,5781],[-1,52],[-42,107],[-3,11],[-28,13],[-16,14],[-13,19],[-4,34],[2,47],[13,19],[24,29],[41,151]],[[7341,6474],[36,-45],[19,-23],[9,-12],[3,-6]],[[7408,6388],[-3,-24],[-2,-3],[-5,-16],[-1,-4],[1,-11],[-1,-5],[-4,-14],[-1,-7],[0,-7],[-2,-2],[0,-8],[-2,0],[0,-2],[5,-8]],[[7393,6277],[-319,-155],[-57,7],[-32,1],[-34,-4],[-35,-19],[-88,-52],[-139,-90]],[[6689,5965],[17,44],[115,295],[6,13]],[[6827,6317],[94,-73],[26,-8],[38,-18],[89,116],[12,70],[62,-22],[74,48],[119,44]],[[6780,6788],[143,-76],[54,-51]],[[6977,6661],[-26,-58],[-20,-45],[-20,-45],[-45,-105],[-22,-52],[-11,-26],[-6,-13]],[[6689,5965],[-6,-15],[-46,-118],[91,-12],[79,-6],[40,-3],[29,-8]],[[6876,5803],[-38,-188],[-5,-25],[2,-18],[-12,-145],[-9,-144],[-19,1],[-9,-66],[-11,-96],[-12,-18],[-18,-11],[-59,3]],[[6379,5844],[40,15],[41,8],[138,95],[-17,121],[-22,128],[-21,108],[-43,134]],[[6495,6453],[50,62],[60,61],[68,106],[51,77],[9,5],[47,24]],[[6876,5803],[10,5],[64,3],[151,5],[11,19],[197,-56],[111,2]],[[6977,6661],[86,-48],[1,-3],[146,-18],[57,-26],[74,-92]],[[6780,6788],[21,32],[299,136],[19,51]],[[7119,7007],[8,-20],[8,-28],[34,14],[52,19],[4,2],[27,-17],[5,-10],[2,-8],[11,-51],[53,-19],[18,-38],[3,-21],[3,-23],[0,-11],[0,-5],[0,-3],[0,-3],[-3,-15],[-2,-10],[2,-6],[0,-5],[-1,-5],[11,-43],[0,-5],[-2,-17],[0,-15],[9,-56],[0,-25],[3,-13],[26,-51],[3,-6],[1,-10],[12,-33],[-1,-6],[2,-5],[0,-10],[2,-5],[0,-16],[1,-36],[-2,-4]],[[6192,7673],[42,-131]],[[6234,7542],[-29,-355],[-11,-36],[-21,-33],[-17,-65],[2,-74],[-6,-24],[34,-18],[107,-156]],[[6293,6781],[-108,-102],[-34,-7],[-152,-125]],[[5999,6547],[-27,34],[-15,21],[-22,12],[-19,12],[-22,4],[3,48],[-3,37],[-21,9],[-2,37],[66,42],[-87,147],[-27,71],[-13,36],[-7,17]],[[5803,7074],[-7,18],[4,190],[-7,53],[15,20],[26,16],[23,11],[32,13]],[[5889,7395],[17,35],[27,41],[39,31],[115,88],[58,44],[28,22],[15,11],[4,6]],[[6293,6781],[17,-28],[18,-28],[35,-56],[82,-132],[19,-27],[14,-27],[17,-30]],[[6379,5844],[-118,330],[-23,68],[-97,14],[-256,-267],[-168,-112]],[[5667,6003],[-41,229],[16,3],[17,-19],[140,-6],[19,26],[-7,18],[8,19],[14,-6],[1,-3],[33,41],[33,48],[127,-44],[18,71],[2,47],[-16,44],[-18,37],[-14,39]],[[6780,7426],[11,-5],[21,-9],[-3,-10],[29,-21],[5,-4],[29,-25],[8,-6],[7,-6],[14,-12],[34,-31],[78,-90],[18,-24],[6,-11],[34,-56],[21,-44],[8,-15],[5,-18],[3,-8],[6,-13],[5,-11]],[[6293,6781],[119,66],[69,14],[83,21],[46,21],[170,523]],[[6234,7542],[136,9],[80,6],[65,-16],[6,0],[48,-22],[61,-28],[42,-18],[15,-7],[40,-18],[43,-18],[10,-4]],[[5050,6464],[69,51],[226,204]],[[5345,6719],[36,-28],[209,-183],[19,-6],[10,-22],[2,-11],[-1,-32],[3,-35],[-12,-37],[-14,-20],[-19,-19],[-87,-41],[-111,-45],[-92,-89]],[[5070,6316],[-13,93],[-6,44],[-1,11]],[[5476,7050],[2,24],[3,47],[28,59],[16,30],[94,-75],[57,-42],[58,-8],[69,-11]],[[5345,6719],[85,66],[26,6],[1,20],[15,78],[3,66],[-1,33],[0,39],[2,23]],[[5086,7256],[75,13],[47,-9],[51,-30],[29,-17],[188,-163]],[[5050,6464],[-2,11],[-2,22],[5,3],[3,1],[2,2],[-30,227],[20,206],[12,79],[20,60],[27,71],[-19,110]],[[5404,9227],[60,-14],[2,1],[47,-12],[4,6],[5,4],[14,7],[12,3],[3,2],[6,12],[2,7],[7,11],[15,14],[4,-1],[9,8],[2,2],[12,12],[9,6],[5,2],[2,1],[4,5],[6,-1],[3,-2],[13,0],[3,3],[3,0],[2,-2],[6,0],[7,3],[6,26],[6,7],[6,7],[5,8],[1,2],[3,5],[4,2],[1,2],[9,7],[3,2],[3,4],[2,5],[0,8],[-3,2],[0,5],[-1,2],[-2,18],[1,3],[-5,7],[-8,9],[-3,1],[-2,4],[-150,33],[-125,130],[-47,23],[22,31],[43,54],[6,5],[61,95],[47,-27],[48,-28],[69,114],[3,-1],[72,117],[2,-4],[5,-9],[9,-11],[9,-10],[36,47],[9,-21],[-5,-5],[-14,-26],[-6,-13],[-6,-13],[-26,-53],[-24,-75],[0,-4],[11,-25],[2,-7],[-1,-18],[2,-7],[39,33],[59,33],[43,23],[50,34],[-47,-328],[34,-68],[59,-81],[165,-123],[8,-6],[22,-10],[37,-32],[19,-18],[-5,-21],[-2,0],[-5,-22],[-3,-3],[8,-11],[30,35],[22,-26],[23,-23],[33,22],[37,16],[26,9],[5,-19],[4,-21],[6,-20],[20,3],[18,4],[-1,-47],[-5,-45],[-3,-36],[-11,-58],[-1,-3],[-10,-34],[-3,-18],[-7,-34],[-30,-121],[-1,-1],[-11,-67],[-44,-26],[-50,-27],[-9,-6],[-46,-32],[-5,-4],[2,-5],[-16,-7],[-9,-7],[3,-133],[0,-32],[0,-7],[-12,-8],[-15,-9],[-10,-13],[-24,-75],[-16,-63],[-14,-49],[-7,-21],[-6,-36],[-8,-42],[-22,-122],[33,3],[80,-222],[16,-32]],[[5889,7395],[-9,13],[-136,210],[-88,135],[-117,179],[-220,329]],[[5319,8261],[65,4],[56,98],[6,70],[-1,249],[-41,545]],[[5319,8261],[-44,-46],[13,-17],[39,-60],[17,-58],[3,-43],[4,-53],[-1,-65],[-28,-120],[-19,-79],[-8,-29],[-11,-40],[-17,-54],[-44,-77],[-36,-68],[-62,-110],[-39,-86]],[[5086,7256],[-39,10],[-39,115],[-64,126],[-33,119],[-4,15]],[[4907,7641],[-4,14],[-4,15],[-5,15],[-8,29],[-8,30],[-17,41]],[[4861,7785],[-19,128],[-23,132],[-13,76],[-1,91],[19,26],[44,62],[16,20],[-52,121],[-23,41],[99,115],[144,77],[71,39],[18,9],[73,225],[190,280]],[[5086,7256],[-59,-38],[-136,-79],[-23,-1],[-27,-15],[-36,-26],[-29,-41],[-28,-56],[-12,-10],[-62,-29],[-77,-61],[-26,-5],[-71,-17],[-45,-56]],[[4455,6822],[-6,6],[-11,14],[9,13],[-24,27],[-16,17],[-20,21],[-18,20]],[[4369,6940],[1,9],[3,18],[-36,132],[-16,44],[-56,7],[-44,16],[-51,60],[-6,44],[79,46],[196,137],[171,67],[47,22],[250,99]],[[4257,7947],[4,0],[7,0],[32,-2],[65,-36],[45,-18],[48,-35],[49,-19],[60,5],[52,-3],[40,-2],[29,-14],[43,-2],[42,-11],[53,-3],[35,-22]],[[4369,6940],[-11,-13],[-3,-1],[-29,13],[-9,4],[-1,5],[-2,1],[-2,2],[-1,8],[-4,0],[-2,11],[-4,-1],[-2,9],[-4,-1],[-1,-2],[-25,34],[1,1],[-8,10],[-4,6],[-12,15],[-11,10],[-3,2]],[[4232,7053],[-2,3],[-6,5],[-17,14],[-1,-1],[-15,14],[-46,51],[1,2],[-34,36],[-15,18],[-9,13],[-6,7],[-2,-6],[-6,5],[-63,70],[0,3],[-6,9],[-8,4],[-7,2],[-21,24],[-6,6]],[[3963,7332],[-5,6],[-11,11],[-10,13],[-11,11],[-22,24],[3,3],[-38,42],[2,9],[-13,-1],[-6,7],[-20,14]],[[3832,7471],[45,19],[22,3],[29,2],[26,-1],[44,4],[22,3],[7,2],[8,12],[2,3],[2,3],[3,6],[15,24],[30,48],[10,15],[29,46],[13,20],[14,20],[4,8],[3,4],[14,19],[10,23],[4,13],[4,15],[38,99],[19,50],[4,12],[4,4]],[[4257,7947],[1,8],[10,25],[4,15],[3,6],[2,46],[-3,71],[-9,64],[-17,62],[-9,24],[-4,12],[-2,6],[-1,3],[-1,2],[0,1],[-27,84],[-24,63],[-27,63],[-10,33],[0,6]],[[4143,8541],[3,-7],[5,8],[0,-11],[1,-1],[2,-2],[2,1],[3,2],[3,-3],[3,0],[5,5],[1,2],[1,5],[5,1],[1,5],[1,3],[3,6],[0,5],[4,4],[1,2],[0,5],[3,1],[6,10],[2,-1],[1,-2],[2,-2],[4,-1],[2,2],[0,4],[1,0],[8,-2],[2,1],[5,9],[5,-3],[6,8],[2,2],[3,-1],[3,-3],[2,1],[0,5],[2,0],[3,-2],[2,6],[2,1],[3,4],[4,12],[2,2],[4,-4],[3,-3],[6,-2],[1,3],[0,7],[-1,3],[-7,8],[0,2],[2,0],[1,-2],[2,-2],[5,-1],[1,1],[0,4],[-4,4],[1,1],[4,-2],[3,1],[2,2],[-1,4],[-1,3],[2,9],[-1,3],[-5,2],[0,2],[1,5],[-2,4],[-2,4],[-3,8],[-1,11],[1,5],[-1,2],[-3,1],[-2,5],[0,2],[6,4],[1,4],[3,4],[0,3],[5,1],[0,2],[-5,4],[0,1],[2,2],[7,1],[-1,5],[-4,0],[-2,1],[0,2],[1,3],[5,7],[2,0],[1,-1],[2,-1],[2,2],[0,9],[9,18],[7,11],[10,-13],[9,10],[-3,6],[4,-2],[6,3],[15,11],[18,12],[-2,13],[-12,7],[3,1],[-1,5],[-4,5],[8,6],[3,1],[2,0],[3,-2],[1,-4],[1,-1],[1,2],[3,9],[1,1],[2,0],[1,-1],[1,-5],[1,-1],[1,1],[1,0],[3,-1],[1,0],[1,0],[1,-1],[2,1],[1,0],[0,-1],[1,-3],[1,-1],[1,2],[1,1],[1,0],[2,0],[0,-2],[1,-1],[2,-1],[1,1],[0,2],[-1,3],[0,1],[3,3],[1,1],[1,1],[2,1],[1,-2],[0,-1],[2,0],[2,1],[1,3],[2,3],[4,-2],[1,0],[1,1],[2,2],[-1,5],[2,1],[3,-1],[3,0],[3,2],[1,2],[2,4],[1,1],[4,-2],[4,-1],[3,1],[1,2],[-3,3],[4,7],[2,1],[8,-1],[1,1],[0,1],[-3,2],[-2,2],[-1,2],[5,-1],[2,1],[1,1],[-2,2],[-3,3],[-1,1],[5,2],[1,2],[2,6],[0,4],[2,0],[3,1],[1,5],[-1,1],[-1,0],[-1,-2],[-2,0],[0,1],[2,2],[-2,3],[0,1],[3,1],[2,-1],[1,2],[-1,1],[-2,4],[-3,2],[0,1],[3,-1],[1,1],[3,4],[0,4],[2,4],[2,1],[1,0],[1,1],[0,1],[0,1],[-2,0],[0,1],[0,1],[1,0],[2,1],[-1,9],[-1,1],[-2,0],[0,1],[0,9],[-1,0],[-2,2],[2,2],[-1,2],[-2,1],[-1,1],[1,5],[-4,0],[-1,2],[-1,7],[1,2],[2,1],[2,-1],[0,-2],[1,-2],[2,0],[1,1],[1,0],[2,1],[0,1],[-2,1],[-1,-1],[-2,1],[0,3],[2,4],[2,1],[1,1],[-3,7],[1,1],[1,0],[4,2],[0,2],[-3,3],[-3,2],[0,1],[2,1],[2,0],[2,-1],[2,-1],[2,1],[1,3],[0,2],[-2,0],[-1,1],[0,2],[3,5],[2,3],[0,5],[3,0],[1,1],[0,3],[0,2],[-1,4],[0,1],[8,-4],[2,0],[0,2],[1,0],[0,-3],[0,-3],[2,-1],[1,1],[1,2],[-1,5],[1,3],[-1,1],[-2,-2],[-3,-1],[-3,0],[-2,1],[0,1],[1,1],[3,2],[3,-1],[2,0],[2,1],[0,1],[-1,1],[-9,0],[1,2],[4,4],[1,1],[2,0],[0,2],[-1,1],[-2,-1],[-2,0],[-1,0],[-2,3],[0,4],[1,2],[1,3],[6,3],[-1,1],[-1,1],[-2,3],[1,2],[2,1],[1,2],[2,6],[1,1],[2,0],[3,0],[0,1],[-2,4],[0,2],[1,-2],[3,0],[2,2],[0,2],[-3,1],[2,6],[3,3],[-1,7],[2,2],[6,1],[1,3],[0,2],[-2,5],[1,2],[0,5],[3,6],[2,3],[0,2],[2,3],[4,13],[6,0],[6,-4],[6,-1],[1,0],[1,2],[1,3],[1,-1],[1,-1],[1,0],[1,-1],[1,-1],[2,1],[3,3],[3,5],[2,5],[1,5],[4,4],[4,3],[7,3],[0,-7],[10,-11],[10,-11],[19,-21],[39,-43],[9,-8],[40,-29],[18,-31],[64,24],[19,-29],[12,2],[5,-5],[0,-18],[-7,-15],[33,-52],[41,-39],[19,-16],[34,-40],[28,-34],[24,19],[33,30],[69,2],[24,14],[-11,49],[-12,78],[4,29],[10,50],[20,8],[7,4],[49,15],[4,2],[10,1],[21,113],[13,4],[2,-2],[-1,-8],[16,3],[2,6],[5,0],[1,5],[25,0],[4,1],[14,5],[7,5],[4,0],[6,3],[7,0],[53,-5],[5,-2],[2,-2],[4,1],[4,-1],[-2,-29]],[[5086,7256],[-29,-52],[-2,-28],[5,-81],[-46,-69],[-62,-83],[-219,-234],[42,-69],[39,-90],[19,-37]],[[4579,6533],[-1,11],[-3,26],[0,4],[-3,22],[-2,9],[-3,12],[-2,9],[-4,12],[-8,17],[-11,23],[-12,21],[-5,7],[-2,3],[-3,0],[-59,82],[-14,4]],[[4447,6795],[10,17],[-2,10]],[[4107,6498],[14,-2]],[[4121,6496],[7,-13],[27,4],[73,-12]],[[4228,6475],[-17,-78],[-25,-20],[-48,-54],[23,-86],[7,-10],[2,-15],[1,-30],[2,-47],[2,-11],[-6,-4],[14,-5],[15,-10],[19,-13],[23,-7],[19,-9],[14,-9],[14,-14],[14,-21]],[[4301,6032],[-10,-7],[-10,-30],[-14,-18],[0,-43],[2,-6],[1,-3]],[[4217,5923],[-180,218],[-97,112],[-32,36]],[[3908,6289],[177,185],[8,9],[14,15]],[[3613,6622],[72,90]],[[3685,6712],[40,-17],[139,-57],[71,0],[17,-50],[8,-32],[12,-28],[36,18],[32,0],[29,2],[9,-38],[9,1],[20,-13]],[[3908,6289],[-212,244],[-83,89]],[[3908,6289],[-30,-29],[-33,-35],[-8,-9],[-9,-8],[-16,-18],[-33,-35],[-97,-105],[-52,-52],[-52,-48]],[[3578,5950],[-16,22],[-20,27],[-20,26],[-30,49],[-91,158]],[[3401,6232],[-1,27],[-13,16],[-9,15],[8,34],[92,-51],[28,143],[6,57],[16,98],[8,69],[45,6],[14,-39],[18,15]],[[3567,5906],[26,23],[-15,21]],[[4301,6032],[8,9],[8,8],[-4,42],[7,23],[13,26],[12,29],[19,18],[18,27],[12,-1],[15,7],[20,3],[16,3],[57,19],[21,6],[55,35]],[[4228,6475],[226,-38],[133,-14]],[[4121,6496],[9,17],[0,8],[50,2],[-2,49],[24,23],[84,1],[12,83],[5,74],[37,8],[22,12],[36,25],[32,-7],[12,3],[5,1]],[[3413,7408],[5,0],[157,-12],[12,-48],[-50,-22],[-29,-52],[-30,-57],[-25,-39],[1,-24],[6,-38],[29,7],[28,-6],[47,-4],[60,12]],[[3624,7125],[-11,-89],[142,-10],[-2,-8],[-1,-9],[-12,-13],[-11,-7],[-13,-10],[-4,-17],[0,-19],[2,-13],[-16,-19],[13,-141],[-36,-15],[-14,-13],[6,-16],[18,-14]],[[3613,6622],[-69,91],[-163,69],[-75,39],[-22,0],[-43,-2],[-28,5],[-25,12],[-22,17],[-23,19]],[[3143,6872],[26,58],[23,45],[34,67]],[[3226,7042],[17,33],[17,33],[9,-28],[3,-15],[49,-40],[25,51],[12,-8],[4,41],[-36,107],[5,22],[8,29],[12,24],[14,22],[13,27],[16,43],[14,21],[5,4]],[[3401,6232],[-206,3],[-35,7],[16,77],[-72,4],[-7,-5],[-29,-9],[-7,-1]],[[3061,6308],[-7,0],[-14,-2],[-27,-2],[-42,-6],[-26,7],[-24,1],[-17,17],[-12,38],[-22,-1],[-9,-2],[-42,-3],[-41,7],[-17,14],[-8,25],[-21,17],[-9,-2],[-18,-7],[-14,-10],[-17,6],[-24,12],[-10,1],[-32,-4],[-22,-23]],[[2586,6391],[-22,1],[-49,-5],[-12,27],[-6,19],[-3,22],[1,29],[11,18],[14,18],[30,28],[40,19],[34,28],[18,12],[20,7],[20,13],[32,19],[27,20],[20,4],[15,5],[18,7],[22,12],[32,14],[37,12],[34,6],[28,9],[38,9],[11,2],[20,-1],[14,31],[-19,15],[3,26],[9,10],[18,13],[20,8],[28,11],[23,8],[31,5]],[[3624,7125],[71,2],[87,53],[25,16],[-2,14],[-21,49],[-33,94],[24,28],[17,-12],[18,-4],[38,-14],[10,-6],[10,8],[79,-25],[16,4]],[[4232,7053],[-15,-6],[-25,8],[-43,4],[-46,5],[-67,15],[-11,-49],[-7,-30],[4,-27],[-7,-4],[30,-110],[37,-128],[7,-65],[14,-102],[-7,-16],[11,-50]],[[3515,7942],[8,-3],[13,-4],[29,7],[12,13],[26,-4],[26,-7],[27,12],[2,10],[5,18],[26,29],[14,25],[11,16],[8,6],[38,-70],[32,-49],[64,31],[26,15],[13,0],[12,0],[136,-14],[34,-3]],[[4077,7970],[-13,-72],[-1,-15],[3,-10],[-9,-15],[-13,-7],[-8,-11],[-11,-13],[-25,-12],[-10,-10],[-20,-17],[-16,-20],[-2,5],[-34,-7],[-11,-5],[-24,-14],[-3,-18],[-20,-12],[-9,-15],[-12,-48],[-124,-13],[-15,-10]],[[3700,7631],[-81,-2],[-16,145],[-8,19],[-15,25],[-8,17],[-16,22],[-6,32],[-21,20],[-14,33]],[[3243,7674],[42,-8],[57,7],[36,9],[22,12],[38,12],[40,16],[33,12],[18,1],[18,13],[14,15],[-19,20],[-10,24],[-60,113],[-10,14],[17,5],[36,3]],[[3700,7631],[132,-160]],[[3413,7408],[-5,0],[-11,0],[-21,17],[-25,18],[-32,11],[-12,10],[-18,14],[-18,15],[-15,7],[-12,18],[-17,20],[-30,15],[-40,42],[62,29],[1,29],[11,-8],[12,29]],[[4077,7970],[34,-3],[68,-7],[58,-11],[16,-1],[4,-1]],[[3301,8611],[-2,-21],[-128,-27],[-104,-16],[-87,-17],[-12,17]],[[2968,8547],[-20,-2],[-37,-3],[-23,-7],[-18,-12],[-36,-12],[-33,-11],[-31,2],[-16,19],[-15,12],[-31,1],[-31,2],[-30,4],[-44,28]],[[2603,8568],[4,84],[3,51],[1,24],[4,53],[0,10],[-6,36],[-2,9],[-7,20],[-5,14],[-10,22],[-7,13],[-3,9],[-2,8],[-2,12],[-2,13],[2,0],[1,26],[17,-9],[17,-4],[13,-3],[45,-9],[16,-3],[20,3],[42,14],[9,3],[34,0],[4,1],[42,12],[20,5],[25,5],[12,1],[6,3],[1,26],[2,25],[1,36],[2,30],[2,36],[1,10],[1,26],[1,15],[-5,15],[4,-5],[1,2],[1,17],[4,37],[2,35],[1,39],[-47,2],[2,39],[1,31],[1,24],[0,4],[1,4],[0,7],[1,14],[0,10],[1,15],[1,19],[2,29],[0,15],[1,23],[1,7],[9,-5],[7,-2],[12,-3],[12,-2],[19,-8],[7,-3],[7,1],[1,-4],[6,3],[2,1],[7,0],[4,0],[4,-1],[8,-1],[8,-1],[15,-4],[16,-4],[11,-3],[4,-2],[4,-1],[10,-1],[17,-1],[18,0],[13,0],[2,0],[1,0],[1,0],[1,0],[2,0],[6,0],[21,-1],[10,1],[13,-2],[16,-1],[6,2],[18,4],[43,6],[9,-21],[2,-2],[13,-14],[2,-3],[-3,-7],[2,-2],[5,-4],[3,-4],[6,-9],[5,4],[1,-2],[-22,-17],[-32,-26],[-26,-22],[-16,-14],[-14,-11],[-11,-10],[-8,-7],[-15,-12],[16,-35],[22,-54],[21,-50],[22,-54],[19,-49],[17,-51],[13,8],[0,-22],[2,-17],[-5,-1],[4,-20],[-4,-1],[2,-13],[-13,-20],[1,-16],[-5,-4],[-10,1],[-1,-13],[-15,-2],[0,-3],[8,-26],[2,-15],[2,-10],[0,-7],[-18,-6],[2,-9],[5,-18],[9,-22],[11,-25],[8,-17],[3,-8],[3,-10],[2,-4],[4,-8],[2,-4],[4,-8],[1,-4],[3,-7],[3,-8],[1,-9],[1,-9],[2,-12],[1,-5],[2,-13],[-6,0],[-2,-15],[9,-3],[-4,-9],[-5,-7],[-12,-10],[-19,-9],[-21,-9],[-7,-6],[-10,-9],[-5,-3],[-26,-12],[-7,-7],[1,-8],[43,13],[25,5],[10,5],[11,4],[10,1],[29,7]],[[3301,8611],[3,0],[16,1],[9,-1],[4,-2],[10,-6],[16,-11],[24,-11],[10,-3],[13,-7],[11,-6],[3,-1],[7,-3],[22,-3],[11,0],[7,-2],[5,-1],[5,-1],[8,-1],[5,-1],[5,-2],[7,-4],[7,-4],[6,-3],[11,-4],[11,-2],[9,-3],[13,-5],[4,-1],[12,-7],[7,-5],[12,-9],[10,-8],[9,-7],[2,-2],[6,-4],[5,4],[14,-14],[21,-19],[19,-17]],[[3680,8436],[-22,-7],[-16,-7],[-3,-24],[-16,-31],[-27,-10],[-18,-23],[1,-13],[8,-33],[1,-37],[-15,-48],[-45,-27],[-36,-19],[-24,-4],[-20,-4],[-23,-12],[-13,-8],[-22,7],[-13,-10],[-6,-18],[-11,-19],[-16,1],[-15,-9],[-21,-26],[-9,-13],[-11,-37],[-35,-9],[-13,-1],[-1,-16],[-13,-8],[-5,-18],[-11,0],[6,-11],[-23,-30],[-12,-11],[-1,11],[-10,33],[-26,12],[2,-13]],[[3146,7944],[-7,-8],[-18,4],[-7,-8],[-27,-17],[-4,3],[-6,0],[-16,-7],[-14,-16],[8,-21],[-24,-4],[-23,-15],[17,-12],[-2,-13],[-43,-16],[-7,-27],[-10,38],[-4,16]],[[2959,7841],[12,19],[-8,11],[7,13],[24,14],[-123,160],[171,188],[-109,188],[41,43],[1,27],[-7,43]],[[3243,7674],[-10,19],[-7,43],[-18,-10],[-62,218]],[[3680,8436],[1,2],[4,2],[4,0],[5,2],[1,1],[3,-2],[4,0],[0,1],[1,1],[0,7],[1,1],[1,1],[4,-4],[2,-1],[1,-1],[2,0],[2,3],[1,0],[1,0],[2,-1],[5,1],[1,0],[3,-2],[2,-2],[1,2],[11,10],[2,0],[2,-1],[2,3],[0,1],[2,-2],[2,-1],[2,1],[1,1],[1,-1],[2,-2],[2,1],[1,2],[1,1],[3,2],[1,0],[2,3],[2,0],[1,-2],[2,-1],[1,3],[2,1],[2,-1],[2,-1],[1,4],[2,2],[2,2],[1,4],[13,-1],[11,-1],[7,0],[10,0],[7,0],[16,3],[27,3],[20,4],[4,-35],[2,-1],[1,0],[1,2],[1,3],[0,2],[1,2],[3,0],[2,2],[2,0],[1,-2],[0,-3],[1,-2],[3,-1],[1,1],[0,2],[-2,3],[0,2],[2,3],[3,1],[2,5],[2,2],[2,0],[1,-2],[1,0],[2,2],[2,2],[3,2],[2,-1],[4,-2],[2,0],[2,0],[0,3],[0,2],[1,1],[3,2],[2,0],[3,0],[2,-2],[2,-2],[1,-2],[3,0],[2,-1],[2,-4],[2,-2],[2,1],[3,3],[1,-1],[1,-3],[2,-1],[1,-1],[4,1],[2,2],[3,-1],[3,-2],[3,-4],[1,1],[1,2],[0,3],[1,3],[3,2],[2,1],[1,-2],[1,-3],[1,-1],[1,1],[0,4],[0,2],[3,2],[3,1],[2,-1],[1,-2],[2,-2],[1,1],[0,4],[0,4],[1,2],[3,4],[2,4],[1,4],[0,2],[2,0],[3,-1],[1,-2],[0,-2],[1,-1],[3,0],[3,0],[1,0],[0,2],[-2,2],[0,2],[3,1],[2,-1],[2,0],[0,4],[0,3],[3,2],[4,1],[3,0],[4,-2],[1,1],[2,2],[1,3],[1,3],[0,2],[2,0],[3,0],[0,3],[0,3],[3,1],[7,2],[4,2],[2,2],[2,3],[1,1],[1,-1],[-1,-2],[0,-2],[1,-1],[2,2],[1,-1],[0,-3],[-1,-3],[0,-2],[2,-1],[1,2],[1,4],[0,1],[4,0],[4,-1],[1,1],[0,3],[-2,7],[-1,2],[3,1],[3,0],[1,-1],[1,3],[1,3],[2,2],[1,0],[2,-1],[1,-1],[2,-2],[1,-1],[1,1],[0,1],[1,1],[-1,2],[1,1],[1,0],[1,-2],[2,2],[1,1],[0,-1],[1,0],[0,-1],[1,-2],[1,-1],[3,0],[2,-1],[2,0],[0,1],[0,2],[3,1],[2,-4]],[[2959,7841],[-18,-28],[-31,-9],[-24,-1],[-15,-32],[-4,-15]],[[2867,7756],[-4,-16],[-31,-20],[-37,-54],[8,-24]],[[2803,7642],[-70,30],[-88,32],[-33,12],[-41,5],[-26,20],[-44,8],[-78,15],[-62,-56],[-6,6],[-30,10],[-29,-10],[-23,-6],[-31,-23],[-10,-18],[-224,60],[-68,4],[-129,-42]],[[1811,7689],[-7,10],[-14,20],[-24,32],[-9,16],[-15,33],[-8,17],[-15,23],[-38,59],[-6,20],[-3,16],[-2,20],[1,12],[2,14],[4,6],[3,4],[7,6],[12,5],[14,7],[11,7],[13,10],[7,8],[14,28],[11,24],[17,43],[5,14],[6,12],[12,29],[5,12],[12,31],[13,35],[16,44],[14,37],[29,26],[2,9],[10,28],[18,53],[16,43],[4,26],[3,25],[1,25],[5,26],[-2,10],[1,7],[7,-1],[8,-1],[16,-2],[5,0],[11,3],[8,3],[10,-4],[6,-2],[-3,6],[7,-5],[6,1],[-1,-13],[8,-1],[9,-4],[16,-6],[18,-3],[15,-4],[9,1],[16,0],[13,1],[17,2],[15,2],[11,1],[10,0],[20,-1],[19,1],[14,1],[7,2],[19,10],[6,2],[5,0],[6,-1],[6,-1],[14,-8],[11,-11],[11,-9],[5,-3],[18,-2],[5,1],[4,-2],[15,2],[3,-4],[19,-2],[18,-1],[18,2],[14,5],[10,1],[11,2],[15,2],[8,4],[21,2],[28,2],[21,-5],[10,-4],[4,-2],[12,-2],[13,-8]],[[2803,7642],[-12,-35],[-20,4],[-11,-2],[-42,2],[-31,-9],[-20,-4],[-17,1],[-23,-25],[-18,-10],[-16,-71],[8,-25],[31,-44],[17,-17],[21,-28],[3,-33],[-4,-66],[-47,-8],[-59,-72],[-12,-29],[-35,-115],[-29,-122],[-71,-87],[-32,-94]],[[2384,6753],[-65,24],[-70,-1],[-180,1]],[[2069,6777],[-5,9],[-7,27],[0,45],[-16,32],[-20,10],[0,50],[-1,25],[-24,42],[-8,8],[-25,16],[-25,32],[-8,27],[-6,33],[2,41],[-17,46],[-15,36],[-8,35],[2,48],[6,29],[5,8]],[[1899,7376],[6,27],[14,62],[11,44],[-8,34],[-11,23],[-3,4],[-34,55],[-56,55],[-7,9]],[[2867,7756],[24,-55],[31,-95],[49,-138],[24,-69],[12,-34],[7,-17],[-6,-29],[-4,-27],[-13,-30],[-11,-7],[76,-186],[11,-13],[45,-14],[21,-9],[25,12],[15,9],[21,1],[32,-13]],[[2586,6391],[-14,-10],[-12,-23],[-16,-26],[-23,-33],[-15,3],[-37,13],[-30,25],[-51,35]],[[2388,6375],[7,24],[21,87],[65,221],[-97,46]],[[1223,5958],[25,-7],[302,-107],[32,-8],[8,-3],[4,-1]],[[1594,5832],[4,-1],[16,-4],[32,-10],[49,-36],[-9,-33],[-6,-23],[-3,-52],[12,-38],[14,-36],[9,-34],[10,-44]],[[1722,5521],[-16,-14],[-11,2],[-20,10],[-19,12],[-12,17],[-17,15],[-11,22],[-12,25],[-11,-1],[-4,14],[-6,3],[-1,-11],[-6,-28],[-13,-35],[-29,-56],[-34,-44],[-32,-39]],[[1468,5413],[-184,55],[-24,9],[-43,18],[-18,27]],[[1199,5522],[-15,13],[-21,19],[-12,21],[-3,18],[6,39],[-3,39],[-15,13],[-15,29],[-12,3],[-27,0],[-31,-19],[-8,35],[-28,135],[-1,17],[-6,10],[-5,0],[31,6],[9,3],[31,21],[43,31],[40,14],[21,-2],[20,-1],[25,-8]],[[1187,6099],[3,27],[6,56],[12,112],[220,-85],[12,119],[45,-27],[32,-22]],[[1517,6279],[10,-110],[21,-75],[40,-104],[19,-67]],[[1607,5923],[-15,-55],[2,-36]],[[1223,5958],[-29,24],[-9,18],[-5,35],[2,18],[2,18],[3,28]],[[1637,6440],[125,4],[4,-27],[-1,-22],[66,-3],[26,-10],[15,-14],[-1,-10],[125,-2]],[[1996,6356],[-4,-58],[2,-57],[-3,-23],[-8,-48],[-19,-50],[-23,-23],[-22,-9],[-47,-11],[-37,15],[-14,-20],[4,-19],[-13,-5],[-2,11],[-13,6],[-7,-10],[-7,-27]],[[1783,6028],[-123,-46],[-34,-28],[-19,-31]],[[1517,6279],[1,30],[16,36],[60,87],[43,8]],[[2069,6777],[4,-9],[8,-18],[-4,-40],[-6,-39],[15,-25],[-9,-10],[-17,-29],[-27,-12],[-23,-33],[-10,-40],[-4,-51],[-5,-82],[5,-33]],[[1637,6440],[-10,86],[-26,138],[-648,226]],[[953,6890],[3,4],[4,16],[3,19],[0,12],[-1,13],[10,19],[2,4],[-1,38],[3,7],[-2,17],[3,11],[-3,28],[1,11],[1,9],[-1,10],[-1,3],[-2,4],[-1,2],[-1,4],[-1,18],[-4,13],[-8,22],[-6,12],[-8,30],[1,11],[-2,5],[-9,11],[-11,8],[-4,14],[-74,-37],[-11,-13],[-13,-1],[-12,-4],[-31,-15],[-6,-6],[-8,-6],[-24,4],[-14,-9],[-16,-5],[-1,1],[-43,-12],[-6,5],[-6,12],[-5,19],[-4,23],[-8,31],[-3,8],[-5,5],[-4,1],[-3,2],[-4,1],[-20,2],[25,73],[-18,5],[16,24],[4,7],[23,-8],[21,0],[46,13],[27,30],[9,9],[2,1],[15,6],[39,9],[22,9],[85,60],[35,51],[14,21],[10,20],[11,20],[2,2],[45,52],[110,32],[50,-52],[32,-7],[17,-10],[11,-5],[7,-7],[13,-17],[6,-5],[14,-5],[27,-5],[4,-1],[4,-1],[11,0],[8,-1],[7,-4],[12,-7],[16,-10],[7,-4],[11,-4],[9,-2],[11,-4],[3,-1],[14,-8],[20,-28],[14,-11],[34,-20],[4,-3],[22,-24],[8,-5],[4,-2],[0,-1],[31,-11],[9,-2],[11,-3],[21,-5],[12,-6],[6,-2],[9,-6],[28,-8],[2,-1],[14,-11],[18,-15],[7,-5],[23,-16],[10,-8],[19,-7],[10,50],[58,-5],[71,-16]],[[1187,6099],[-50,-3],[-15,10],[-81,48],[4,12],[-33,3],[-81,14],[-67,33],[-31,106],[-1,25]],[[832,6347],[5,14],[3,-3],[7,2],[8,12],[4,15],[7,20],[5,5],[3,14],[2,5],[1,27],[-4,38],[0,15],[0,7],[-2,25],[-4,15],[-4,5],[-3,32],[-4,5],[3,8],[9,9],[9,9],[3,31],[1,9],[1,15],[-1,19],[1,10],[3,9],[3,9],[4,8],[1,2],[20,37],[5,9],[3,9],[1,6],[3,15],[1,6],[12,35],[1,25],[14,10]],[[1199,5522],[-109,-23],[-8,56],[-42,-12],[-13,6],[-196,72],[-26,-234]],[[805,5387],[-28,-17],[-53,-13],[-24,1],[-65,-29],[-46,-11],[-11,3],[-22,7],[-25,-9],[-28,-4],[-42,-9],[-31,2],[5,16],[2,45],[3,37],[2,56],[9,75],[12,74],[10,45],[6,34],[10,43],[13,58],[8,39],[6,54],[12,76],[8,63],[2,15],[2,8],[1,8],[0,4],[1,4],[1,8],[2,15],[6,32],[-2,8],[-7,8],[45,148],[27,84],[27,92],[21,-46],[18,-33],[20,-17],[19,-9],[22,-4],[30,-2],[9,-6],[9,5],[4,12],[12,-5],[12,-6],[15,1]],[[1468,5413],[-14,-88],[-25,-67],[-20,-45],[-17,-61],[-45,-121],[8,-36],[6,-50],[-1,-41],[-11,-65],[11,-47]],[[1360,4792],[-62,3],[-26,-61],[-3,-58],[-69,-87],[-184,114],[-40,23],[-31,17]],[[945,4743],[3,2],[25,36],[22,33],[22,32],[21,30],[37,47],[39,53],[48,65],[18,17],[14,13],[-1,1],[-42,29],[-32,22],[-24,17],[-31,27],[-25,16],[-14,6],[-20,13],[-33,28],[-9,8],[-5,4],[-18,18],[-5,3],[-14,10],[-29,24],[-16,12],[-5,2],[-8,4],[-2,0],[-14,4],[-8,17],[-3,17],[-4,10],[-3,6],[-11,9],[-6,7],[-7,2]],[[1722,5521],[23,-31],[7,-31],[5,-36],[-1,-22],[-2,-6],[-6,-63],[-8,-30],[28,-26],[37,4],[3,14],[44,33],[25,-30],[20,-21],[21,-25],[13,-19],[4,-23],[3,-13]],[[1938,5196],[2,-13],[-51,-99],[12,-17],[-3,-16],[-18,11],[-36,-8],[-10,9],[-21,-25],[-8,-29],[3,-10],[-22,-46],[-2,-19],[17,-20],[-5,-22],[-3,-21],[-31,-17]],[[1762,4854],[-30,-18],[-60,-36],[-52,-27],[-35,8],[-8,-5],[-45,-25],[-22,-18]],[[1510,4733],[-150,59]],[[1783,6028],[8,-31],[1,-63],[-10,-47],[-5,-24],[63,-1],[54,-40],[86,-29],[60,-1],[66,10],[26,4],[69,-33],[45,-34],[32,-29],[44,-50]],[[2322,5660],[-63,-91]],[[2259,5569],[-8,-11],[-24,6],[-27,-1]],[[2200,5563],[-122,-7],[-91,12],[-39,-153],[8,-50],[0,-51],[-3,-46],[19,-64]],[[1972,5204],[-12,-5],[-10,11],[-12,-14]],[[2388,6375],[-114,132],[-9,1],[-23,-23],[109,-124],[8,-12],[22,-25],[20,-24],[24,-15],[23,-11],[27,-8],[35,-7],[43,-1],[11,-21],[-200,-34],[6,-26],[-2,-25],[-4,-27],[-9,-25],[14,-169],[-4,-95],[-13,-86],[5,-9],[19,-23],[41,-21],[63,-15],[2,-80]],[[2482,5602],[-6,-1],[-13,-4],[-24,-1],[-25,1],[-31,6],[-20,25],[-41,32]],[[3035,5745],[-24,-10],[-24,-34],[-34,-22]],[[2953,5679],[-39,-11],[-22,1],[-29,17],[-38,14]],[[2825,5700],[-29,50],[-17,34],[1,21],[4,23],[-3,42],[-8,14],[-8,24],[-8,14],[-17,20],[-13,6],[21,79],[30,-15],[31,-2],[191,-42],[59,5],[53,176],[-29,100],[-22,59]],[[2825,5700],[-27,-14],[-25,-30],[-13,-7],[-16,-2],[-23,4],[-28,3],[-25,-4],[-45,-4],[-16,-6],[-43,-20],[-21,-8],[-54,-8],[-7,-2]],[[2953,5679],[-75,-106],[-19,-5],[-33,-11],[11,-121],[2,-29],[4,-70],[21,-248]],[[2864,5089],[-9,-1],[-35,-3],[-71,-9]],[[2749,5076],[-35,11],[-27,34],[-137,165],[-15,22],[-27,38],[-7,9],[15,21],[8,21],[7,41],[-164,80],[-44,21],[-64,30]],[[2749,5076],[-8,-6],[-1,-31]],[[2740,5039],[-39,-57],[-15,-23],[-44,17],[-54,33],[-21,22],[-19,13],[-21,0],[-24,3],[-9,-1],[-15,30],[-8,10],[-23,9],[-17,8],[-15,11],[-14,5],[-17,6]],[[2385,5125],[9,88],[-12,27],[-1,30],[-16,74],[-19,44],[-8,32],[-6,21],[-29,9],[-23,-4],[-107,-46],[8,23],[6,30],[13,58],[-3,23],[3,29]],[[2385,5125],[-13,-1],[-25,2],[-19,12],[-47,-17],[-114,-36],[-28,-12],[-30,2],[-11,0],[-15,5],[-11,6],[-17,9],[-8,14],[-13,18],[-62,77]],[[2740,5039],[88,-60],[33,0],[-12,-85],[-23,-22],[5,-51],[0,-17],[3,-8],[3,-8],[9,-13]],[[2846,4775],[-44,-21],[-36,-22],[-31,-20],[-19,-15],[-18,-37],[-24,-54],[-33,-55],[-65,-92],[-38,15],[-182,189],[-39,-27],[-57,-21],[-23,-28],[-38,31],[-133,90],[-67,92],[-33,-1],[-39,5],[-33,-6],[-29,1],[-52,22],[-4,-7],[-47,40]],[[2864,5089],[9,1],[18,2],[101,12],[101,12]],[[2868,4734],[-13,28],[-9,13]],[[1510,4733],[-19,-156],[-12,-75],[-25,-55],[21,-54],[23,-77],[6,-16],[-48,-154],[35,-122],[-13,-84],[-19,-167],[-17,-120],[-83,-104],[-35,-58]],[[1324,3491],[-85,5],[-168,-120],[-40,-94],[-38,-58],[-31,-35],[-7,-8]],[[955,3181],[-8,-9],[-15,-17],[-100,-43],[-94,-35],[-86,-20],[-147,-52]],[[505,3005],[-44,53],[-3,3],[-13,41],[0,1],[0,1],[0,10],[2,14],[-2,8],[-7,7],[-4,4],[-23,23],[-20,15],[-26,43],[-5,9],[-59,98],[8,23],[18,36],[9,26],[3,13],[1,1],[0,1],[3,12],[2,35],[8,61],[-3,26],[-2,21],[-4,32],[-9,94],[2,96],[15,34],[64,130],[8,34],[10,37],[0,7],[0,70],[38,12],[4,2],[18,7],[63,20],[10,9],[22,28],[37,55],[13,20],[43,67],[44,69],[40,61],[4,7],[44,69],[42,64],[46,72],[5,7],[3,4],[6,7],[12,13],[17,26]],[[955,3181],[147,-147],[131,-100],[155,-164],[17,-65],[28,-22],[45,-21],[21,-12],[14,-41],[56,-88],[21,-28],[22,-12],[35,4],[13,4],[-10,-31],[-17,-58],[-17,-37],[2,-56],[1,-20]],[[1619,2287],[-9,-6],[0,-1],[-172,-115],[-101,-68],[-48,-32],[-100,-66],[-37,-26],[-95,-63],[0,-2],[-2,-1],[2,-23],[0,-61],[-2,-12],[-6,-20],[-5,-18],[-8,-22],[0,-2],[-2,-6],[2,-11],[-1,-11],[-1,-6],[130,24],[33,6],[17,6],[7,3],[12,5],[2,-7],[7,-58],[-44,-37],[-11,0],[-54,-5],[-83,-8],[-83,27],[-44,7],[-68,13],[-28,19],[-2,3],[-9,13],[3,2],[-1,15],[-19,-8],[-2,4],[-12,-13],[-9,-9],[-6,-5],[-21,-17],[-5,-4],[-23,-24],[-22,-24],[-11,-12],[-4,-5],[-11,-15],[-18,-26],[-29,-44],[19,-24],[18,-25],[6,-2],[7,2],[4,0],[-6,-21],[-2,-5],[-1,-6],[-3,-10],[-5,1],[-2,1],[-2,1],[-9,3],[-6,0],[-2,-2],[-2,-6],[-2,0],[-1,0],[-2,2],[-1,0],[-2,2],[-2,1],[-29,32],[-7,8],[-7,8],[-15,16],[9,60],[31,2],[0,2],[23,0],[4,3],[5,-1],[3,-1],[31,44],[12,14],[25,27],[28,30],[11,9],[-8,0],[3,3],[-8,0],[-4,1],[-4,-3],[-4,0],[3,3],[-26,1],[-8,36],[4,1],[10,3],[13,2],[16,3],[1,5],[-22,9],[-25,14],[-21,22],[-15,-20],[-50,-42],[-8,-6],[-10,-7],[-7,-2],[-19,-2],[-13,6],[-9,12],[-33,37],[-27,38],[-28,44],[-12,25],[-22,10],[-67,45],[-10,15],[-3,22],[-21,39],[-19,21],[15,25],[-2,4],[-11,10],[-26,5],[-7,1],[1,3],[2,0],[3,15],[3,6],[22,-6],[32,6],[0,4],[-2,22],[20,4],[-5,27],[-20,-4],[-7,50],[-28,11],[-6,-1],[-2,1],[-3,-5],[4,-14],[2,-17],[-3,-28],[-1,-14],[-1,-18],[0,-4],[0,-2],[-1,-2],[-2,-3],[-3,-2],[-2,-1],[-10,-2],[-10,10],[-7,-4],[-55,25],[0,12],[1,17],[-2,20],[-4,24],[1,11],[1,10],[-3,2],[-3,0],[-31,-9],[-27,-9],[0,-1],[-2,-1],[20,-45],[16,-14],[1,-2],[1,-2],[0,-3],[-1,-3],[-2,-5],[-2,-3],[-1,0],[-1,-3],[1,0],[-2,-3],[3,-2],[-3,-5],[-1,-2],[-6,-3],[-9,-14],[-59,33],[-20,21],[-20,10],[-8,19],[-1,15],[0,25],[-28,181],[113,70],[28,44],[5,18],[5,24],[4,4],[3,3],[7,7],[10,3],[14,-8],[10,-16],[29,-10],[16,-9],[13,38],[22,11],[17,30],[71,74],[-10,93],[28,20],[49,94],[73,50],[10,23],[-12,28]],[[1324,3491],[201,-99],[78,-108],[89,-250],[10,-12],[-38,-57],[-19,-26],[1,-40],[25,12],[23,47],[29,25],[28,36],[38,17],[48,-5],[22,14],[43,41],[11,45],[21,33],[24,10],[34,-18],[34,-37],[25,10],[18,15],[14,34]],[[2083,3178],[8,-27],[-21,-84],[-15,-64],[-16,-66],[-2,-4],[33,-101],[7,-14],[-79,-31],[20,-84],[-87,-45],[29,-103],[-27,2],[-25,-16],[-5,-9],[-9,-11],[-19,-13],[-14,-12],[36,-116]],[[1897,2380],[-7,-5],[-10,-6],[-6,-5],[-4,-4],[-9,-5],[-7,-1],[-9,-7],[-8,-5],[-14,-8],[-7,-3],[-4,-2],[-1,-1],[-1,0],[-2,-1],[-3,-2],[-25,-10],[-52,-18],[-3,-1],[-33,-6],[-11,-3],[-4,0],[-11,0],[-2,-1],[-11,-2],[-2,-1],[-32,4]],[[2083,3178],[19,36],[-5,38],[2,64],[15,50],[38,30],[19,27],[39,37],[28,20],[69,11],[41,0],[22,26],[24,18]],[[2394,3535],[1,-42],[3,-38],[5,-31],[3,-67],[15,-67],[7,-33],[15,-57],[12,-48],[9,-36],[7,-23],[1,-39],[5,-26],[2,-9],[4,-25],[14,-29],[28,-95],[28,-8],[30,-1],[-5,-22],[-10,-32],[-10,0],[-14,-2],[-6,-24],[-6,-17],[6,-17]],[[2538,2747],[-26,-16],[-270,-161],[-208,-122]],[[2034,2448],[-23,-9],[-1,3],[-28,-16],[-16,-8],[-9,-5],[-8,-3],[-19,-10],[-3,-1],[-12,-4],[-2,-1],[-10,-9],[-6,-5]],[[2538,2747],[-2,-15],[7,-26],[11,-98],[12,-31],[21,-38],[12,-38],[25,-152],[4,-20],[26,-201],[6,-51],[3,-39],[1,-13],[11,-9],[13,-67]],[[2688,1949],[-1,0],[-3,0],[-11,1],[-11,1],[-5,-1],[-28,10],[-18,9],[-37,27],[-10,6],[-11,4],[-5,2],[-5,2],[-18,3],[-14,0],[-22,-3],[-10,-2],[-3,0],[-1,0],[-2,0],[-5,-1],[-22,-7],[-20,-11],[-25,-18],[-2,18],[-2,19],[-1,9],[-1,9],[-2,18],[-1,10],[-1,5],[-6,14],[4,13],[1,77],[0,8],[-9,68],[0,10],[-8,40],[1,3],[-4,26],[-4,18],[-1,3],[-4,45],[-1,3],[-17,66],[-73,-7],[-28,-2],[-22,-1],[-19,1],[-11,0],[-1,1],[-20,-8],[-16,-7],[-2,-1],[-55,5],[-4,1],[-39,8],[-18,3],[-1,2]],[[2538,2747],[258,187],[64,47],[10,1]],[[3096,2302],[-8,-7],[-13,-10],[-24,-24],[-30,-33],[-19,-20],[-3,-6],[-27,-31],[-7,-8],[-7,-8],[-14,-15],[-70,-79],[-25,-27],[-9,-8],[-27,-26],[-6,-7],[-4,-3],[-3,-3],[-13,-13],[-15,-7],[-12,-6],[-18,-7],[-9,-5],[-4,-3],[-15,-2],[-13,-1],[-13,6]],[[2394,3535],[13,8],[13,2],[23,-7],[13,-3],[23,-38]],[[2479,3497],[12,-20],[12,-18],[17,-29],[55,-3],[21,-12],[19,23],[20,19],[12,15],[17,-23],[26,-23],[37,-21],[-29,-90],[-29,3],[-82,13],[-2,-7],[4,-16],[4,-11],[0,-11],[6,-5],[15,-25],[17,-29],[23,-39],[8,-15],[15,-23],[11,-16],[8,-24],[1,-28],[171,-24],[15,5]],[[3141,4433],[-25,-22],[-22,-27],[-72,-81],[-103,-112],[-94,-124],[-15,-24]],[[2810,4043],[-15,-24],[4,-7],[-55,-8],[-17,-158],[-34,-12],[-35,-79],[-81,-196],[-98,-62]],[[2810,4043],[102,-146],[53,26],[14,-12],[13,-6],[0,8],[2,5],[89,-29],[0,-2],[152,-50],[15,-8]],[[3250,3829],[-4,27],[-27,38],[-31,36],[-23,36],[-31,36],[32,30],[152,177]]],"transform":{"scale":[0.00006736190819081916,0.00003368333033303338],"translate":[13.088326882330673,52.3387001329012]}}
